Facility Name,Area / Location,Sports Offered,Indoor / Outdoor,Swimming Pool,Gym,Exact Opening Hours,Typical Hourly Rate (PKR)
Ace Badminton Academy,PECHS,Badminton,Indoor,No,No,4:00 PM – 9:00 PM,"1,200 – 2,300"
Ace Badminton Academy,PECHS,Badminton,Indoor,No,No,4:00 PM – 9:00 PM,"1,900 – 3,100"
Ace Badminton Arena,Federal B Area,Badminton,Indoor,No,No,4:00 PM – 9:00 PM,"1,200 – 2,400"
Ace Badminton Hall,North Nazimabad,Badminton,Indoor,No,No,3:00 PM – 11:00 PM,"1,600 – 2,900"
Ace Basketball Court,PECHS,Basketball,Outdoor,No,No,5:00 PM – 10:00 PM,"1,500 – 2,800"
Ace Padel Arena,DHA Phase 1,Padel,Outdoor,No,No,7:00 AM – 11:00 PM,"9,000 – 13,000"
Ace Padel Courts,Clifton,Padel,Outdoor,No,No,7:00 AM – 10:00 PM,"6,000 – 9,800"
Ace Play Arena,DHA Phase 6,Indoor Cricket,Indoor,No,No,5:00 PM – 1:00 AM,"3,800 – 6,200"
Ace Shuttle Arena,Clifton,Badminton,Indoor,No,No,3:00 PM – 11:00 PM,"1,800 – 3,000"
Ace Shuttle Badminton,PECHS,Badminton,Indoor,No,No,4:00 PM – 9:00 PM,"1,300 – 2,400"
Ace Shuttle Badminton,PECHS,Badminton,Indoor,No,No,4:00 PM – 9:00 PM,"1,600 – 2,800"
Ace Sports Complex,PECHS,"Indoor Cricket, Badminton",Indoor,No,Yes,10:00 AM – 12:00 AM,"3,400 – 5,900"
Ace Swim Academy,DHA Phase 8,Swimming Pool,Outdoor,Yes,No,6:00 AM – 8:00 PM,"1,500 – 2,500"
Ace Table Tennis,Gulberg,Table Tennis,Indoor,No,No,4:00 PM – 9:00 PM,"850 – 1,400"
Ace Tennis Club,Clifton,Tennis,Outdoor,No,No,7:00 AM – 10:00 PM,"3,800 – 6,200"
AceBadminton Arena,PECHS,Badminton,Indoor,No,No,3:00 PM – 10:00 PM,"1,900 – 3,300"
AceCourt Badminton,PECHS,Badminton,Indoor,No,No,3:00 PM – 10:00 PM,"2,200 – 3,900"
AceStrike Padel,DHA Phase 5,Padel,Outdoor,No,No,7:00 AM – 11:00 PM,"8,500 – 13,500"
AceTennis Club,Clifton,Tennis,Outdoor,No,No,7:00 AM – 10:00 PM,"3,900 – 6,300"
Active Life Sports Club,Malir,"Gym, Cricket Nets",Indoor/Outdoor,No,Yes,6:00 AM – 9:00 PM,"600 – 1,200"
Active Zone Sports,Model Colony,"Indoor Cricket, Gym",Indoor,No,Yes,9:00 AM – 12:00 AM,"2,500 – 4,000"
Al-Badar Sports Ground,Federal B Area,Cricket,Outdoor,No,No,6:00 AM – 8:00 PM,0
All-Star Sports Zone,Gulshan-e-Johar,"Indoor Cricket, Badminton",Indoor,No,Yes,10:00 AM – 12:00 AM,"3,300 – 5,700"
Alpha Fitness Arena,Bahadurabad,"Gym, Table Tennis",Indoor,No,Yes,6:00 AM – 11:00 PM,"500 – 1,200"
Alpha Fitness Club,North Nazimabad,Gym,Indoor,No,Yes,6:00 AM – 11:00 PM,"1,200 – 2,100"
Apex Sports Center,Gulshan-e-Iqbal,"Tennis, Gym",Indoor/Outdoor,No,Yes,7:00 AM – 9:00 PM,"3,200 – 5,000"
Apex Sports Club,Gulshan-e-Iqbal,"Cricket, Gym, Tennis",Indoor/Outdoor,No,Yes,7:00 AM – 10:00 PM,"2,400 – 4,200"
Apex Sports Club,Gulshan-e-Iqbal,"Cricket, Gym, Tennis",Indoor/Outdoor,No,Yes,7:00 AM – 10:00 PM,"2,900 – 4,700"
Aqua Splash Center,Gulshan-e-Iqbal,Swimming Pool,Indoor,Yes,No,6:00 AM – 9:00 PM,"1,000 – 1,800"
Aqua Swim Academy,Malir,Swimming Pool,Indoor,Yes,No,7:00 AM – 9:00 PM,"3,500 – 5,100"
Aqua Swim Center,DHA Phase 6,Swimming Pool,Indoor,Yes,No,6:00 AM – 9:00 PM,"3,800 – 5,600"
Aqua Zone Swimming,Gulshan-e-Maymar,Swimming Pool,Indoor,Yes,No,6:00 AM – 9:00 PM,"700 – 1,200"
AquaClub Swimming Pool,Gulshan-e-Johar,Swimming Pool,Indoor,Yes,No,6:00 AM – 9:00 PM,"1,300 – 2,300"
AquaEdge Pool,Gulshan-e-Hadeed,Swimming Pool,Outdoor,Yes,No,6:00 AM – 7:00 PM,"900 – 1,600"
AquaEdge Pool,Gulshan-e-Hadeed,Swimming Pool,Outdoor,Yes,No,6:00 AM – 7:00 PM,"900 – 1,600"
AquaFit Pool,Federal B Area,Swimming Pool,Indoor,Yes,No,6:00 AM – 8:00 PM,"800 – 1,400"
AquaFit Pool,North Nazimabad,Swimming Pool,Indoor,Yes,No,6:00 AM – 9:00 PM,"900 – 1,600"
AquaFit Swim Club,Saddar,Swimming Pool,Indoor,Yes,No,7:00 AM – 8:00 PM,"1,000 – 1,700"
AquaFit Swim Club,PECHS Block 6,Swimming Pool,Indoor,Yes,No,6:00 AM – 10:00 PM,"1,800 – 3,000"
AquaFit Swimming Club,DHA Phase 4,"Swimming Pool, Gym",Indoor,Yes,Yes,6:00 AM – 10:00 PM,"1,800 – 3,000"
AquaFun Pool,Gulshan-e-Hadeed,Swimming Pool,Outdoor,Yes,No,6:00 AM – 7:00 PM,"1,050 – 1,850"
AquaLife Swim Club,Nazimabad,Swimming Pool,Indoor,Yes,No,6:00 AM – 9:00 PM,"1,000 – 1,700"
AquaLife Swim Club,Gulshan-e-Iqbal,Swimming Pool,Indoor,Yes,No,7:00 AM – 8:00 PM,"3,800 – 5,600"
AquaLife Swimming Pool,DHA Phase 6,Swimming Pool,Indoor,Yes,No,6:00 AM – 9:00 PM,"1,600 – 2,600"
AquaPlus Swimming Club,DHA Phase 1,Swimming Pool,Indoor,Yes,No,6:00 AM – 10:00 PM,"2,200 – 3,800"
AquaPro Swim Center,North Nazimabad,Swimming Pool,Indoor,Yes,No,6:00 AM – 9:00 PM,"1,600 – 3,000"
AquaPro Swim School,North Nazimabad,Swimming Pool,Indoor,Yes,No,6:00 AM – 9:00 PM,"1,100 – 1,900"
AquaPulse Swimming Pool,DHA Phase 6,Swimming Pool,Indoor,Yes,No,6:00 AM – 9:00 PM,"1,800 – 2,800"
AquaSplash Pool,Gulshan-e-Hadeed,Swimming Pool,Outdoor,Yes,No,6:00 AM – 7:00 PM,"900 – 1,600"
AquaSplash Pool,Gulshan-e-Johar,Swimming Pool,Indoor,Yes,No,6:00 AM – 9:00 PM,"1,200 – 2,100"
AquaSplash Pool,Gulshan-e-Johar,Swimming Pool,Indoor,Yes,No,6:00 AM – 9:00 PM,"1,350 – 2,350"
AquaWave Swim Club,Gulshan-e-Iqbal,Swimming Pool,Indoor,Yes,No,6:00 AM – 9:00 PM,"4,000 – 5,900"
AquaZone Pool,Gulshan-e-Hadeed,Swimming Pool,Outdoor,Yes,No,6:00 AM – 7:00 PM,"950 – 1,700"
Arena 360 Sports,DHA Phase 6,"Cricket, Football",Outdoor,No,No,6:00 AM – 12:00 AM,"4,500 – 7,000"
Arena 77,Clifton,"Cricket Nets, Fitness",Indoor,No,Yes,7:00 AM – 10:00 PM,"2,000 – 3,500"
Arena Padel Courts,Clifton,Padel,Outdoor,No,No,7:00 AM – 10:00 PM,"10,000 – 15,000"
Axis Indoor Arena,PECHS,Indoor Cricket,Table Tennis,No,No,10:00 AM – 11:00 PM,0
Badminton Zone PECHS,PECHS,Badminton,Indoor,No,No,3:00 PM – 9:00 PM,"2,200 – 3,400"
Bahadurabad Cricket Club,Bahadurabad,Cricket,Outdoor,No,No,6:00 AM – 8:00 PM,1500 - 3500
Beach Fitness Court,Clifton Beach,Outdoor Fitness,Outdoor,No,No,Sunrise – Sunset,0
Beach Soccer Arena,Seaview,Football,Outdoor,No,No,Sunset – 10:00 PM,0
Beach View Sports Club,Clifton,"Volleyball, Gym",Outdoor,No,Yes,6:00 AM – 10:00 PM,"500 – 1,000"
Beachside Cricket Nets,Seaview,Cricket Nets,Outdoor,No,No,6:00 AM – 9:00 PM,"1,500 – 3,000"
Beachside Volleyball Court,Seaview,Volleyball,Outdoor,No,No,Sunset – 10:00 PM,0
Blitz Cricket Nets,Landhi,Cricket Nets,Outdoor,No,No,6:00 AM – 8:00 PM,"1,400 – 2,200"
Blue Lagoon Swim Academy,Clifton,Swimming Pool,Indoor,Yes,No,6:30 AM – 9:00 PM,"4,200 – 6,100"
Blue Lagoon Swim Center,Clifton,Swimming Pool,Indoor,Yes,No,6:00 AM – 9:00 PM,"4,300 – 6,500"
Blue Ocean Swim Academy,Malir,Swimming Pool,Indoor,Yes,No,7:00 AM – 9:00 PM,"2,000 – 3,500"
Blue Ocean Swim Pool,Clifton,Swimming Pool,Indoor,Yes,No,6:00 AM – 9:00 PM,"3,700 – 5,700"
Blue Pearl Swim Club,DHA Phase 2,Swimming Pool,Indoor,Yes,No,6:00 AM – 10:00 PM,"1,800 – 3,200"
Blue Wave Swim Academy,Malir,Swimming Pool,Indoor,Yes,No,7:00 AM – 9:00 PM,"2,700 – 4,200"
Blue Wave Swim Academy,Malir,Swimming Pool,Indoor,Yes,No,7:00 AM – 9:00 PM,"3,600 – 5,200"
Blue Wave Swim Center,Clifton,Swimming Pool,Indoor,Yes,No,6:00 AM – 9:00 PM,"4,000 – 6,200"
Blue Wave Swim Club,DHA Phase 5,Swimming Pool,Indoor,Yes,No,6:00 AM – 9:00 PM,"1,200 – 2,000"
Blue Wave Swimming Club,Gulistan-e-Johar,Swimming Pool,Indoor,Yes,No,6:00 AM – 9:00 PM,"1,500 – 2,800"
Blue Wave Swimming Pool,Clifton,Swimming Pool,Indoor,Yes,No,6:00 AM – 9:00 PM,"4,300 – 6,500"
Blue Waves Pool,DHA Phase 7,Swimming Pool,Outdoor,Yes,No,6:00 AM – 8:00 PM,"1,800 – 3,000"
BlueBay Swim Academy,Clifton,Swimming Pool,Indoor,Yes,No,7:00 AM – 8:00 PM,"1,300 – 2,200"
Bluefield Turf Ground,Korangi,"Football, Cricket",Outdoor,No,No,6:00 AM – 11:00 PM,"2,500 – 4,300"
BlueOcean Swimming Pool,Gulshan-e-Johar,Swimming Pool,Indoor,Yes,No,6:00 AM – 9:00 PM,"1,200 – 2,000"
BlueWave Pool,Clifton,Swimming Pool,Indoor,Yes,No,7:00 AM – 8:00 PM,"1,300 – 2,200"
BlueWave Pool,Clifton,Swimming Pool,Indoor,Yes,No,7:00 AM – 8:00 PM,"1,300 – 2,300"
BlueWave Pool,DHA Phase 6,Swimming Pool,Indoor,Yes,No,6:00 AM – 9:00 PM,"1,700 – 2,700"
BlueWave Swimming Club,Clifton,Swimming Pool,Indoor,Yes,No,6:00 AM – 9:00 PM,"4,200 – 6,000"
BlueWave Swimming Pool,Clifton,Swimming Pool,Indoor,Yes,No,6:00 AM – 9:00 PM,"1,500 – 2,500"
BodyFuel Gym,Federal B Area,Gym,Indoor,No,Yes,6:00 AM – 10:00 PM,"1,000 – 1,700"
BodyLine Gym,Gulshan-e-Iqbal,Gym,Indoor,No,Yes,6:00 AM – 10:00 PM,"1,200 – 2,100"
Boundary Kings Ground,Orangi Town,Cricket,Outdoor,No,No,6:00 AM – 7:00 PM,"0 – 1,200"
Boundary Line Nets,Landhi,Cricket Nets,Outdoor,No,No,6:00 AM – 7:00 PM,"1,000 – 1,800"
Boundary Masters Ground,Korangi No.5,Cricket,Outdoor,No,No,6:00 AM – 7:00 PM,"0 – 1,300"
BoxFit Arena,Gulistan-e-Jauhar,"Boxing, Fitness",Indoor,No,Yes,7:00 AM – 10:00 PM,"700 – 1,300"
Cantt Gymkhana,Cantt Area,"Cricket, Tennis, Swimming, Gym",Indoor/Outdoor,Yes,Yes,7:00 AM – 10:00 PM,6000 - 8500
Champion Football Ground,Korangi,Football,Outdoor,No,No,6:00 AM – 9:00 PM,"0 – 1,200"
Champion Padel Courts,DHA Phase 6,Padel,Outdoor,No,No,7:00 AM – 10:00 PM,"11,900 – 18,000"
Champion Sports Club,PECHS,"Cricket, Gym, Tennis",Indoor/Outdoor,No,Yes,7:00 AM – 10:00 PM,"2,300 – 4,000"
Champion Sports Club,Gulshan-e-Iqbal,"Cricket, Gym, Tennis",Indoor/Outdoor,No,Yes,7:00 AM – 10:00 PM,"3,100 – 4,900"
Champions Cricket Nets,Gulshan-e-Maymar,Cricket Nets,Outdoor,No,No,6:00 AM – 9:00 PM,"1,800 – 3,000"
Champions Cricket Nets,Landhi,Cricket Nets,Outdoor,No,No,6:00 AM – 8:00 PM,"1,000 – 1,600"
Champions Indoor Arena,Gulshan-e-Iqbal,"Indoor Cricket, Futsal",Indoor,No,No,5:00 PM – 2:00 AM,"3,000 – 5,500"
Champions Padel Hub,DHA Phase 4,Padel,Outdoor,No,No,7:00 AM – 11:00 PM,"6,000 – 8,000"
City Cricket Academy,Landhi,Cricket Training,Outdoor,No,No,6:00 AM – 8:00 PM,1000–2500
City Cricket Nets,Baldia Town,Cricket Nets,Outdoor,No,No,6:00 AM – 8:00 PM,"1,400 – 2,400"
City Hoops Arena,Gulistan-e-Jauhar,Basketball,Indoor,No,No,4:00 PM – 11:00 PM,"2,000 – 3,500"
City Sports Arena,Gulshan-e-Iqbal,"Indoor Cricket, Basketball",Indoor,No,Yes,8:00 AM – 11:00 PM,"2,600 – 4,700"
City Sports Hall,Lyari,"Basketball, Badminton",Indoor,No,No,3:00 PM – 9:00 PM,"0 – 1,200"
City Sports Pavilion,SITE Area,"Badminton, TT",Indoor,No,No,4:00 PM – 9:00 PM,"0 – 1,000"
City Youth Sports Hall,New Karachi,"Badminton, TT",Indoor,No,No,4:00 PM – 9:00 PM,"0 – 1,000"
CityFit Gym,Gulshan-e-Iqbal,Gym,Indoor,No,Yes,6:00 AM – 10:00 PM,"1,000 – 1,700"
Civic Multi Sports Ground,New Karachi,"Cricket, Football",Outdoor,No,No,6:00 AM – 8:00 PM,0
Civic Sports Ground,Bufferzone,"Cricket, Football",Outdoor,No,No,6:00 AM – 8:00 PM,0
ClearWater Pools,Gulshan-e-Johar,Swimming Pool,Indoor,Yes,No,6:00 AM – 9:00 PM,"1,350 – 2,250"
ClearWater Swim Academy,Clifton,Swimming Pool,Indoor,Yes,No,6:30 AM – 9:00 PM,"4,200 – 6,200"
Clifton Beach Sports Area,Clifton,"Outdoor Cricket, Swimming, Beach Volleyball",Outdoor,Yes,No,6:00 AM – 6:00 PM,1000 - 3000
Clifton Beach Volleyball,Clifton,Beach Volleyball,Outdoor,No,No,Sunrise – Sunset,0
Clifton Cricket Academy,Clifton,"Cricket Training, Gym",Outdoor,No,Yes,9:00 AM – 8:00 PM,4000 - 7000
Clifton Cricket Academy,Clifton,"Cricket Training, Gym",Outdoor,No,Yes,9:00 AM – 8:00 PM,"3,500 – 5,000"
Clifton Elite Swim Club,Clifton,Swimming Pool,Indoor,Yes,No,6:00 AM – 9:00 PM,"900 – 1,500"
Clifton Football Ground,Clifton,Football,Outdoor,No,No,6:00 AM – 8:00 PM,0
Clifton Gym & Fitness,Clifton,"Gym, Indoor Cricket",Indoor,No,Yes,6:00 AM – 11:00 PM,"4,500 – 7,000"
Clifton Gymnasium,Clifton,"Gym, Indoor Cricket",Indoor,No,Yes,6:00 AM – 10:00 PM,"4,000 – 7,000"
Clifton Open Basketball Court,Clifton,Basketball,Outdoor,No,No,5:00 PM – 10:00 PM,"0 / 1,000"
Clifton Padel Courts,Clifton,Padel,Outdoor,No,No,7:00 AM – 10:00 PM,6000 - 8000
Clifton Padel Courts,Clifton,Padel,Outdoor,No,No,7:00 AM – 10:00 PM,"2,500 – 4,000"
Clifton Padel Hub,Clifton Block 2,Padel,Outdoor,No,No,7:00 AM – 11:00 PM,"7,000 – 11,500"
Clifton Swimming Club,Clifton,"Swimming Pool, Gym",Indoor,Yes,Yes,6:00 AM – 10:00 PM,6000 - 8500
Clifton Swimming Pool,Clifton,Swimming Pool,Indoor,Yes,No,6:00 AM – 9:00 PM,2000 - 4500
Clifton Swimming Pool,Clifton,"Swimming Pool, Gym",Indoor,Yes,Yes,6:00 AM – 9:00 PM,"4,500 – 7,000"
Clifton Table Tennis,Clifton,Table Tennis,Indoor,No,No,8:00 AM – 9:00 PM,"1,500 – 2,500"
Clifton Table Tennis,Clifton,Table Tennis,Indoor,No,No,8:00 AM – 8:00 PM,"1,500 – 2,500"
Clifton Tennis Academy,Clifton,Tennis,Outdoor,No,No,7:00 AM – 8:00 PM,"2,500 – 4,500"
Clifton Volleyball,Clifton,Volleyball,Outdoor,No,No,8:00 AM – 8:00 PM,"2,000 – 3,500"
Clifton Volleyball Club,Clifton,Volleyball,Outdoor,No,No,6:00 AM – 8:00 PM,0
Coastal Sports Arena,Clifton,"Indoor Cricket, Gym",Indoor,No,Yes,8:00 AM – 10:00 PM,"5,500 – 7,800"
Community Court Nazimabad,Nazimabad,"Cricket, Basketball",Outdoor,No,No,6:00 AM – 8:00 PM,"0 – 2,300"
Community Sports Complex,Nazimabad,"Cricket, Basketball",Outdoor,No,No,6:00 AM – 8:00 PM,"0 – 2,100"
Community Sports Park,Surjani Town,"Cricket, Football",Outdoor,No,No,6:00 AM – 8:00 PM,0
Community Youth Ground,Baldia Town,"Cricket, Football",Outdoor,No,No,6:00 AM – 7:00 PM,0
Coral Aqua Center,DHA Phase 7,Swimming Pool,Indoor,Yes,No,6:00 AM – 10:00 PM,"2,000 – 3,500"
Coral Bay Swimming Pool,Clifton,Swimming Pool,Indoor,Yes,No,6:00 AM – 9:00 PM,"3,500 – 5,500"
Coral Reef Swim Academy,Clifton,Swimming Pool,Indoor,Yes,No,6:30 AM – 9:00 PM,"4,100 – 5,900"
Coral Sports Club,Clifton,"Swimming, Gym",Indoor,Yes,Yes,6:00 AM – 10:00 PM,"1,500 – 3,000"
Core Strength Gym,Saddar,Gym,Indoor,No,Yes,6:00 AM – 10:00 PM,"700 – 1,400"
Core Strength Gym,Korangi Industrial,Gym,Indoor,No,Yes,6:00 AM – 9:00 PM,"2,400 – 3,700"
Corefit Gym,Korangi Industrial,Gym,Indoor,No,Yes,6:00 AM – 9:00 PM,"1,900 – 3,100"
Corefit Gym,Korangi Industrial,Gym,Indoor,No,Yes,6:00 AM – 9:00 PM,"2,100 – 3,300"
CoreFit Gym,Korangi Industrial,Gym,Indoor,No,Yes,6:00 AM – 9:00 PM,"2,300 – 3,500"
CoreStrength Gym,FB Area,Gym,Indoor,No,Yes,6:00 AM – 10:00 PM,"700 – 1,300"
CoreX Fitness,Nazimabad No.2,Gym,Indoor,No,Yes,6:00 AM – 11:00 PM,"1,300 – 2,300"
CourtChamp Indoor,Saddar,"Indoor Cricket, Badminton",Indoor,No,Yes,7:00 AM – 11:00 PM,"3,300 – 5,700"
CourtElite Indoor,Saddar,"Indoor Cricket, Badminton",Indoor,No,Yes,7:00 AM – 11:00 PM,"3,400 – 5,800"
CourtElite Pro Indoor,Saddar,"Indoor Cricket, Badminton",Indoor,No,Yes,7:00 AM – 11:00 PM,"3,400 – 5,800"
CourtKing Indoor Arena,Saddar,"Indoor Cricket, Badminton",Indoor,No,Yes,7:00 AM – 11:00 PM,"3,200 – 5,600"
CourtMaster Indoor,Saddar,"Indoor Cricket, Badminton",Indoor,No,Yes,7:00 AM – 11:00 PM,"3,000 – 5,200"
CourtMaster Padel Courts,PECHS,Padel,Outdoor,No,No,7:00 AM – 10:00 PM,"5,900 – 9,500"
CourtPro Elite Indoor,Saddar,"Indoor Cricket, Badminton",Indoor,No,Yes,7:00 AM – 11:00 PM,"3,300 – 5,700"
CourtPro Indoor Arena,Saddar,"Indoor Cricket, Badminton",Indoor,No,Yes,7:00 AM – 11:00 PM,"3,200 – 5,600"
Creekside Padel Courts,DHA Phase 8,Padel,Outdoor,No,No,7:00 AM – 10:00 PM,"6,000 – 8,500"
Crescent Sports Complex,Gulshan-e-Iqbal,"Basketball, Gym",Indoor/Outdoor,No,Yes,8:00 AM – 10:00 PM,"4,000 – 6,200"
Cricket Pro Nets,Malir,Cricket Nets,Outdoor,No,No,6:00 AM – 7:00 PM,"1,500 – 2,200"
Cricket Pro Nets,Landhi,Cricket Nets,Outdoor,No,No,6:00 AM – 7:00 PM,"1,700 – 2,300"
CricketCoach Nets,Korangi,Cricket Nets,Outdoor,No,No,6:00 AM – 9:00 PM,"2,200 – 3,800"
CricketElite Indoor,North Karachi,Indoor Cricket,Indoor,No,No,4:00 PM – 12:00 AM,"2,800 – 4,600"
CricketMaster Nets,Korangi,Cricket Nets,Outdoor,No,No,6:00 AM – 9:00 PM,"2,300 – 3,900"
CricketMaster Nets,Landhi,Cricket Nets,Outdoor,No,No,6:00 AM – 7:30 PM,"1,600 – 2,400"
CricketPro Nets,DHA Phase 6,Cricket Nets,Indoor,No,No,6:00 PM – 12:00 AM,"2,300 – 3,800"
CricketPro Nets,Korangi,Cricket Nets,Outdoor,No,No,6:00 AM – 9:00 PM,"2,100 – 3,700"
CricketStar Nets,Korangi,Cricket Nets,Outdoor,No,No,6:00 AM – 9:00 PM,"2,000 – 3,500"
Cross Court – Legends Padel Edition,Clifton,"Padel, Pickleball",Outdoor,No,No,7:00 AM – 10:00 PM,6000 - 8000
CrossFit Storm,DHA Phase 6,"CrossFit, Gym",Indoor,No,Yes,6:00 AM – 10:00 PM,"1,200 – 2,000"
Crystal Swim Academy,Malir,Swimming Pool,Indoor,Yes,No,7:00 AM – 9:00 PM,"3,800 – 5,400"
Crystal Swim Center,Clifton,Swimming Pool,Indoor,Yes,No,6:00 AM – 9:00 PM,"3,800 – 6,000"
Crystal Swim Pool,Clifton,Swimming Pool,Indoor,Yes,No,6:00 AM – 9:00 PM,"4,100 – 6,300"
Crystal Waters Swim Pool,Clifton,Swimming Pool,Indoor,Yes,No,6:00 AM – 9:00 PM,"4,400 – 6,600"
Defence Basketball Court,DHA Phase 6,Basketball,Outdoor,No,No,5:00 PM – 10:00 PM,"1,800 – 3,200"
Defence Cricket Academy,DHA Phase 6,"Cricket Nets, Gym",Indoor/Outdoor,No,Yes,8:00 AM – 9:00 PM,4000 - 7000
Defence Indoor Sports,DHA Phase 5,"Indoor Cricket, Gym",Indoor,No,Yes,8:00 AM – 11:00 PM,"6,500 – 8,800"
DHA Creek Sports,DHA Phase 8,"Cricket Nets, Fitness",Outdoor,No,Yes,6:00 AM – 11:00 PM,"3,500 – 6,000"
Dolphin Swimming Pool,Nazimabad,Swimming Pool,Indoor,Yes,No,6:00 AM – 9:00 PM,"1,300 – 2,200"
Dolphins Swimming Club,DHA Phase 2,Swimming,Indoor,Yes,No,6:00 AM – 9:00 PM,"600 – 1,200"
Dribble Court,DHA Phase 6,Basketball,Outdoor,No,No,5:00 PM – 11:00 PM,"1,500 – 2,800"
Drive Cricket Nets,DHA Phase 1,Cricket Nets,Indoor,No,No,6:00 PM – 12:00 AM,"2,000 – 3,500"
DunkBasket Basketball,Korangi,Basketball,Outdoor,No,No,5:00 PM – 10:00 PM,"1,700 – 3,000"
Dynamo Football Ground,Korangi,Football,Outdoor,No,No,6:00 AM – 9:00 PM,"0 – 1,300"
Dynasty Sports Club,PECHS,"Cricket, Gym",Indoor/Outdoor,No,Yes,7:00 AM – 10:00 PM,"1,800 – 3,200"
Eastside Football Ground,Landhi,Football,Outdoor,No,No,6:00 AM – 8:00 PM,"0 – 1,600"
Edge Cricket Arena,DHA Phase 2,Indoor Cricket,Indoor,No,No,5:00 PM – 1:00 AM,"3,500 – 6,000"
Elite Badminton Academy,PECHS,Badminton,Indoor,No,No,4:00 PM – 9:00 PM,"1,800 – 3,000"
Elite Cricket Nets,SITE Area,Cricket Nets,Outdoor,No,No,6:00 AM – 12:00 AM,2500–5000
Elite Cricket Nets,PECHS,Cricket Nets,Outdoor,No,No,6:00 AM – 9:00 PM,"2,300 – 3,900"
Elite Dunk Zone,DHA Phase 8,Basketball,Indoor,No,No,5:00 PM – 12:30 AM,"3,800 – 6,200"
Elite Gym,North Nazimabad,Gym,Indoor,No,Yes,6:00 AM – 10:00 PM,"1,800 – 3,100"
Elite Gym Nazimabad,North Nazimabad,Gym,Indoor,No,Yes,6:00 AM – 10:00 PM,"2,700 – 4,000"
Elite Hoops Arena,DHA Phase 6,Basketball,Indoor,No,No,5:00 PM – 12:00 AM,"3,500 – 5,500"
Elite Padel Club,DHA Phase 8,Padel,Outdoor,No,No,7:00 AM – 11:00 PM,"6,000 – 9,500"
Elite Padel Club,DHA Phase 5,Padel,Outdoor,No,No,7:00 AM – 11:00 PM,"9,500 – 14,500"
Elite Padel Courts,DHA Phase 4,Padel,Outdoor,No,No,7:00 AM – 10:00 PM,"8,500 – 14,000"
Elite Padel Courts,DHA Phase 5,Padel,Outdoor,No,No,7:00 AM – 11:00 PM,"8,500 – 13,000"
Elite Padel Courts,DHA Phase 5,Padel,Outdoor,No,No,7:00 AM – 11:00 PM,"9,000 – 14,000"
Elite Padel Courts,DHA Phase 5,Padel,Outdoor,No,No,7:00 AM – 11:00 PM,"9,800 – 15,000"
Elite Padel Courts,DHA Phase 5,Padel,Outdoor,No,No,7:00 AM – 11:00 PM,"11,200 – 17,200"
Elite Padel Courts,DHA Phase 5,Padel,Outdoor,No,No,7:00 AM – 11:00 PM,"11,800 – 17,800"
Elite Padel Courts DHA,DHA Phase 6,Padel,Outdoor,No,No,7:00 AM – 10:00 PM,"12,000 – 18,000"
Elite Padel Hub,DHA Phase 4,Padel,Outdoor,No,No,7:00 AM – 11:00 PM,"7,200 – 12,000"
Elite Racquets Club,Clifton,"Badminton, Squash",Indoor,No,No,7:00 AM – 11:00 PM,"1,200 – 2,500"
Elite Sports Arena,Korangi,"Indoor Cricket, Gym",Indoor,No,Yes,4:00 PM – 12:00 AM,"3,400 – 5,700"
Elite Sports Arena,Clifton,"Indoor Cricket, Basketball",Indoor,No,Yes,8:00 AM – 10:00 PM,"6,000 – 8,500"
Elite Sports Club,Gulshan-e-Iqbal,"Cricket, Gym, Tennis",Indoor/Outdoor,No,Yes,7:00 AM – 10:00 PM,"2,600 – 4,400"
Elite Sports Club,Gulshan-e-Iqbal,"Cricket, Gym, Tennis",Indoor/Outdoor,No,Yes,7:00 AM – 10:00 PM,"3,000 – 4,800"
Elite Table Tennis Arena,Gulshan-e-Iqbal,Table Tennis,Indoor,No,No,4:00 PM – 9:00 PM,"700 – 1,300"
EliteBasketball Courts,Korangi,Basketball,Outdoor,No,No,5:00 PM – 10:00 PM,"1,700 – 3,000"
EliteCourt Indoor,Saddar,"Indoor Cricket, Badminton",Indoor,No,Yes,7:00 AM – 11:00 PM,"3,500 – 5,900"
EliteFootball Turf,Landhi,Football,Outdoor,No,No,6:00 AM – 11:00 PM,"3,000 – 5,000"
ElitePlay Arena,DHA Phase 8,"Football, Cricket",Outdoor,No,No,6:00 AM – 1:00 AM,"3,600 – 6,500"
EliteTurf,DHA Phase 8,"Football, Cricket",Outdoor,No,No,6:00 AM – 1:00 AM,"3,300 – 6,000"
Energy Gym,PECHS,Gym,Indoor,No,Yes,6:00 AM – 10:00 PM,"1,200 – 2,100"
Falcon Cricket Arena,DHA Phase 2,Indoor Cricket,Indoor,No,Yes,5:00 PM – 12:00 AM,"3,500 – 5,800"
Falcon Cricket Nets,Korangi,Cricket Nets,Outdoor,No,No,6:00 AM – 8:00 PM,"900 – 1,400"
Falcon Cricket Nets,Landhi,Cricket Nets,Outdoor,No,No,6:00 AM – 8:00 PM,"1,000 – 1,700"
Falcon Football Ground,Korangi,Football,Outdoor,No,No,6:00 AM – 9:00 PM,"0 – 1,400"
Falcon Football Ground,Korangi,Football,Outdoor,No,No,6:00 AM – 9:00 PM,"0 – 1,800"
Falcon Sports Club,Shah Faisal Colony,"Cricket, Gym",Indoor/Outdoor,No,Yes,7:00 AM – 10:00 PM,"1,500 – 2,500"
Fast Bowl Cricket Nets,Malir Cantt,Cricket Nets,Indoor,No,No,6:00 PM – 12:00 AM,"2,000 – 3,200"
FAST NUCES Karachi,University Rd,"Basketball, Volleyball, Cricket, Table Tennis, Gym",Indoor/Outdoor,No,Yes,8:00 AM – 10:00 PM,3000 - 6000
Fast Track Indoor Arena,Federal B Area,Indoor Cricket,Indoor,No,Yes,5:00 PM – 12:00 AM,"3,300 – 5,500"
FastBowl Cricket Nets,Buffer Zone,Cricket Nets,Outdoor,No,No,6:00 AM – 7:00 PM,"900 – 1,700"
FastBowl Indoor Nets,FB Area,Indoor Cricket,Indoor,No,No,5:00 PM – 12:00 AM,"3,200 – 5,300"
FastPitch Nets,Korangi,Cricket Nets,Indoor,No,No,4:00 PM – 12:00 AM,"1,700 – 2,800"
FastServe Tennis Club,Clifton,Tennis,Outdoor,No,No,7:00 AM – 10:00 PM,"3,500 – 5,500"
FastServe TT Arena,Gulberg,Table Tennis,Indoor,No,No,9:00 AM – 9:00 PM,500 – 900
Fit & Flex Studio,Gulshan Chowrangi,Gym,Indoor,No,Yes,6:00 AM – 11:00 PM,"1,300 – 2,100"
FitArena Gulshan,Gulshan-e-Iqbal,"Gym, Indoor Cricket",Indoor,No,Yes,7:00 AM – 10:00 PM,"2,000 – 3,500"
FitBase Gym,North Nazimabad,Gym,Indoor,No,Yes,6:00 AM – 10:00 PM,"950 – 1,650"
FitCore Gym,Malir Cantt,Gym,Indoor,No,Yes,6:00 AM – 10:00 PM,"1,200 – 2,100"
FitCore Gym,Gulistan-e-Johar,Gym,Indoor,No,Yes,6:00 AM – 10:00 PM,"1,200 – 2,000"
FitFem Studio,PECHS,"Gym, Fitness",Indoor,No,Yes,8:00 AM – 6:00 PM,"650 – 1,200"
FitHub Gym,North Nazimabad,Gym,Indoor,No,Yes,6:00 AM – 10:00 PM,"800 – 1,400"
FitHub Gym,Korangi Industrial,Gym,Indoor,No,Yes,6:00 AM – 9:00 PM,"2,200 – 3,400"
FitLadies Studio,PECHS,"Gym, Fitness",Indoor,No,Yes,8:00 AM – 6:00 PM,"600 – 1,100"
FitLadies Studio,PECHS,"Gym, Fitness",Indoor,No,Yes,8:00 AM – 6:00 PM,"600 – 1,100"
FitLadies Wellness,PECHS,"Gym, Fitness",Indoor,No,Yes,8:00 AM – 6:00 PM,"600 – 1,100"
FitLine Gym,North Nazimabad,Gym,Indoor,No,Yes,6:00 AM – 10:00 PM,"2,700 – 4,000"
FitNation Gym,Gulshan-e-Hadeed,Gym,Indoor,No,Yes,6:00 AM – 10:00 PM,"1,000 – 1,800"
Fitness Edge Complex,NIPA Chowrangi,Gym,Indoor,No,No,6:00 AM – 10:00 PM,0
Fitness Hub Korangi,Korangi,"Gym, Basketball",Indoor/Outdoor,No,Yes,7:00 AM – 9:00 PM,"3,200 – 4,800"
Fitness Plus Gym,North Nazimabad,Gym,Indoor,No,Yes,6:00 AM – 10:00 PM,"2,000 – 3,300"
Fitness Plus Gym Nazimabad,North Nazimabad,Gym,Indoor,No,Yes,6:00 AM – 10:00 PM,"2,800 – 4,100"
Fitness Pro Gym,Korangi Industrial,Gym,Indoor,No,Yes,6:00 AM – 9:00 PM,"1,700 – 2,800"
FitnessFirst Gym,North Nazimabad,Gym,Indoor,No,Yes,6:00 AM – 10:00 PM,"900 – 1,600"
FitPeak Gym,DHA Phase 5,Gym,Indoor,No,Yes,6:00 AM – 11:00 PM,"1,400 – 2,400"
FitPro Gym,PECHS,Gym,Indoor,No,Yes,6:00 AM – 10:00 PM,"1,100 – 1,900"
FitPulse Gym,North Nazimabad,Gym,Indoor,No,Yes,6:00 AM – 10:00 PM,"900 – 1,600"
FitZone 360,DHA Phase 2,Gym,Indoor,No,Yes,6:00 AM – 11:00 PM,"2,000 – 3,500"
FitZone Gym,North Nazimabad,Gym,Indoor,No,Yes,6:00 AM – 10:00 PM,"1,100 – 1,800"
FitZone Gym,PECHS,Gym,Indoor,No,Yes,6:00 AM – 10:00 PM,"1,150 – 2,000"
FitZone Gym,Korangi Industrial,Gym,Indoor,No,Yes,6:00 AM – 9:00 PM,"2,000 – 3,200"
FitZone Gym & Fitness,PECHS,Gym,Indoor,No,Yes,6:00 AM – 10:00 PM,"800 – 1,400"
FitZone Ladies Gym,Gulshan-e-Hadeed,Gym,Indoor,No,Yes,8:00 AM – 6:00 PM,500 – 900
Flash Cricket Nets,Landhi,Cricket Nets,Outdoor,No,No,6:00 AM – 8:00 PM,"1,600 – 2,400"
Flex Gym,North Nazimabad,Gym,Indoor,No,Yes,6:00 AM – 10:00 PM,"1,500 – 2,800"
Flex Volleyball Courts,Gulistan-e-Johar,Volleyball,Outdoor,No,No,5:00 PM – 10:00 PM,"1,900 – 3,300"
FlexFit Studio,Nazimabad,Gym,Indoor,No,Yes,6:00 AM – 10:00 PM,"1,300 – 2,200"
FlexNation Gym,DHA Phase 7,Gym,Indoor,No,Yes,6:00 AM – 11:30 PM,"2,200 – 3,800"
FlexZone Gym,Gulshan-e-Maymar,Gym,Indoor,No,Yes,6:00 AM – 10:00 PM,"1,100 – 1,900"
Friends Indoor Arena,Liaquatabad,Indoor Cricket,Indoor,No,No,5:00 PM – 2:00 AM,"2,000 – 3,500"
Future Stars Academy,Surjani Town,Cricket Training,Outdoor,No,No,8:00 AM – 7:00 PM,"2,000 – 4,000"
GamePoint Sports Arena,Gulshan-e-Iqbal,"Indoor Cricket, Badminton",Indoor,No,Yes,10:00 AM – 12:00 AM,"3,300 – 5,700"
GamePoint Sports Hall,Saddar,"Indoor Cricket, TT",Indoor,No,No,10:00 AM – 11:00 PM,"2,500 – 4,000"
Garden City Fitness,Garden,"Gym, Table Tennis",Indoor,No,Yes,6:00 AM – 10:00 PM,"3,700 – 5,500"
Garden Gym & Sports Club,Garden,"Gym, Indoor Cricket",Indoor,No,Yes,7:00 AM – 11:00 PM,"3,500 – 5,000"
Goal Arena Turf,Shah Faisal Colony,Football,Outdoor,No,No,5:00 PM – 11:00 PM,"2,900 – 4,900"
Goal Masters Turf,Bufferzone,Football,Outdoor,No,No,5:00 PM – 1:00 AM,"2,300 – 3,900"
Goal Rush Turf,Orangi Town,Football,Outdoor,No,No,6:00 AM – 11:00 PM,"2,200 – 3,800"
GoalMaster Football Turf,Landhi,Football,Outdoor,No,No,6:00 AM – 11:00 PM,"3,300 – 5,400"
GoalNet Football Turf,Landhi,Football,Outdoor,No,No,6:00 AM – 11:00 PM,"3,200 – 5,300"
GoalRush Football Arena,DHA Phase 7,Football,Outdoor,No,No,5:00 PM – 12:00 AM,"3,500 – 6,000"
GoalRush Football Turf,Baldia Town,Football,Outdoor,No,No,5:00 PM – 11:00 PM,"2,800 – 4,800"
GoalZone Arena,Orangi Town,Football,Outdoor,No,No,6:00 AM – 10:00 PM,"2,000 – 3,500"
Green Crescent Sports,Malir,"Cricket, Football",Outdoor,No,No,6:00 AM – 8:00 PM,"0 – 1,500"
Green Field Academy,Federal B Area,Cricket Training,Outdoor,No,No,6:00 AM – 6:00 PM,"1,000 – 2,000"
Green Field Sports,Gulistan-e-Jauhar,Cricket Turf,Outdoor,No,No,6:00 AM – 1:00 AM,"2,500 – 5,000"
Green Field Sports Park,Safoora,"Cricket, Football",Outdoor,No,No,6:00 AM – 8:00 PM,"0 – 1,500"
Green Park Cricket Ground,Green Park,Cricket,Outdoor,No,No,6:00 AM – 8:00 PM,1200–3000
Green Star Cricket Ground,Model Colony,Outdoor Cricket,Outdoor,No,No,6:00 AM – 8:00 PM,0
GreenField Football Club,Landhi,Football,Outdoor,No,No,6:00 AM – 9:00 PM,"0 – 1,000"
GreenField Football Ground,Landhi,Football,Outdoor,No,No,6:00 AM – 8:00 PM,"0 – 1,600"
GreenField Turf,Gulshan-e-Johar,"Football, Cricket",Outdoor,No,No,6:00 AM – 12:00 AM,"2,500 – 4,500"
GreenField Turf,Landhi,"Football, Cricket",Outdoor,No,No,6:00 AM – 11:00 PM,"2,900 – 4,800"
GreenPitch Turf,Korangi,"Football, Cricket",Outdoor,No,No,6:00 AM – 12:00 AM,"2,400 – 4,300"
Gulshan Badminton Courts,Gulshan-e-Iqbal,Badminton,Indoor,No,No,8:00 AM – 9:00 PM,"2,500 – 3,800"
Gulshan Basketball Club,Gulshan-e-Iqbal,Basketball,Outdoor,No,No,6:00 AM – 8:00 PM,0
Gulshan Cricket Academy,Gulshan-e-Iqbal,"Cricket Training, Gym",Indoor/Outdoor,No,Yes,9:00 AM – 8:00 PM,2500 - 5000
Gulshan Cricket Academy,Gulshan-e-Iqbal,"Cricket Training, Gym",Outdoor/Indoor,No,Yes,9:00 AM – 8:00 PM,"3,500 – 6,000"
Gulshan Cricket Nets,Gulshan-e-Iqbal,Cricket Nets,Outdoor,No,No,6:00 AM – 9:00 PM,"1,800 – 3,200"
Gulshan Cricket Nets,Gulshan-e-Iqbal,Cricket Nets,Outdoor,No,No,7:00 AM – 9:00 PM,"2,000 – 4,000"
Gulshan Fitness Hub,Gulshan-e-Iqbal,Gym,Indoor,No,Yes,6:00 AM – 10:00 PM,"3,500 – 5,000"
Gulshan Fitness Hub,Gulshan-e-Iqbal,Gym,Indoor,No,Yes,6:00 AM – 10:00 PM,"3,500 – 5,000"
Gulshan Gym & Pool,Gulshan-e-Iqbal,"Gym, Swimming Pool",Indoor,Yes,Yes,6:00 AM – 9:00 PM,4000 - 7000
Gulshan Gym & Pool,Gulshan-e-Iqbal,"Gym, Swimming Pool",Indoor,Yes,Yes,6:00 AM – 9:00 PM,"4,000 – 7,000"
Gulshan Padel Central,Gulshan-e-Iqbal,Padel,Outdoor,No,No,7:00 AM – 10:00 PM,5000–7000
Gulshan Padel Courts,Gulshan-e-Iqbal,Padel,Outdoor,No,No,7:00 AM – 10:00 PM,"7,500 – 10,000"
Gulshan Swimming Pool,Gulshan-e-Iqbal,"Swimming Pool, Gym",Indoor,Yes,Yes,6:00 AM – 9:00 PM,2000 - 4500
Gulshan Tennis Courts,Gulshan-e-Iqbal,Tennis,Outdoor,No,No,7:00 AM – 8:00 PM,"2,000 – 3,500"
Gulshan-e-Iqbal Padel Courts,Gulshan-e-Iqbal,Padel,Outdoor,No,No,7:00 AM – 10:00 PM,6000 - 8000
GymActive Fitness,North Karachi,Gym,Indoor,No,Yes,6:00 AM – 10:00 PM,"1,050 – 1,850"
GymCore Korangi,Korangi Industrial,Gym,Indoor,No,Yes,6:00 AM – 9:00 PM,"2,600 – 3,800"
GymFlex Fitness Center,Gulshan-e-Iqbal,Gym,Indoor,No,Yes,6:00 AM – 10:00 PM,"1,100 – 1,900"
GymStrong Fitness,Gulshan-e-Iqbal,Gym,Indoor,No,Yes,6:00 AM – 10:00 PM,"1,100 – 1,900"
GymX Fitness Center,North Karachi,Gym,Indoor,No,Yes,6:00 AM – 10:00 PM,"1,000 – 1,800"
GymZone Fitness,North Karachi,Gym,Indoor,No,Yes,6:00 AM – 10:00 PM,"1,100 – 1,900"
Hardcore Fitness,DHA Phase 6,Gym,Indoor,No,Yes,6:00 AM – 11:00 PM,"1,500 – 2,700"
Harmony Sports Club,Nazimabad,"Cricket, Basketball",Outdoor,No,No,6:00 AM – 8:00 PM,"0 – 1,500"
Harmony Sports Club,Nazimabad,"Cricket, Basketball",Outdoor,No,No,6:00 AM – 8:00 PM,"0 – 1,600"
Harmony Sports Complex,Nazimabad,"Cricket, Basketball",Outdoor,No,No,6:00 AM – 8:00 PM,"0 – 1,800"
Hawks Indoor Sports Arena,Korangi,"Indoor Cricket, Table Tennis",Indoor,No,Yes,9:00 AM – 11:00 PM,"4,500 – 7,000"
HoopCity Basketball,Korangi,Basketball,Outdoor,No,No,5:00 PM – 10:00 PM,"1,400 – 2,600"
HoopDream Basketball,Korangi,Basketball,Outdoor,No,No,5:00 PM – 10:00 PM,"1,500 – 2,700"
Hoops Arena,PECHS,Basketball,Indoor,No,No,4:00 PM – 10:00 PM,"1,800 – 3,000"
HoopZone Court,Korangi,Basketball,Outdoor,No,No,5:00 PM – 10:00 PM,"1,400 – 2,600"
HoopZone Court,Korangi,Basketball,Outdoor,No,No,5:00 PM – 10:00 PM,"1,400 – 2,600"
Horizon Sports Arena,Gulshan-e-Iqbal,"Indoor Cricket, Badminton",Indoor,No,Yes,9:00 AM – 11:00 PM,"5,500 – 7,800"
Horizon Sports Club,Gulshan-e-Iqbal,"Cricket, Gym, Tennis",Indoor/Outdoor,No,Yes,7:00 AM – 10:00 PM,"2,500 – 4,300"
Horizon Swim Club,Clifton Block 2,Swimming Pool,Indoor,Yes,No,6:00 AM – 9:00 PM,"3,000 – 5,000"
HPGS Champions Pavilion,PECHS,"Indoor Cricket, Futsal",Indoor,No,No,4:00 PM – 6:00 AM,"3,500 – 10,000"
Hyderi Cricket Academy,Hyderi,Cricket Training,Outdoor,No,No,8:00 AM – 8:00 PM,3000 - 6000
Hyderi Sports Academy,Hyderi,"Cricket Training, Gym",Indoor/Outdoor,No,Yes,8:00 AM – 8:00 PM,3000 - 6000
Hyderi Sports Complex,Hyderi,"Basketball, Gym, Cricket",Indoor/Outdoor,No,Yes,7:00 AM – 10:00 PM,2000 - 4500
Indoor Sports Hub,Gulshan-e-Maymar,"Indoor Cricket, Gym",Indoor,No,Yes,8:00 AM – 11:00 PM,"7,000 – 10,200"
Iron Core Fitness,Gulberg,Gym,Indoor,No,Yes,6:00 AM – 10:00 PM,"700 – 1,300"
Iron Den Gym,Landhi,Gym,Indoor,No,Yes,6:00 AM – 10:00 PM,"600 – 1,200"
Iron House Gym,Bahadurabad,Gym,Indoor,No,Yes,6:00 AM – 11:00 PM,"1,200 – 2,200"
Iron House Gym,Korangi,Gym,Indoor,No,Yes,6:00 AM – 11:00 PM,"1,200 – 2,000"
Iron Pulse Gym,Liaquatabad,Gym,Indoor,No,Yes,6:00 AM – 10:00 PM,"1,100 – 1,900"
Iron Temple Gym,SITE Area,Gym,Indoor,No,Yes,6:00 AM – 10:00 PM,"1,000 – 1,800"
IronCore Fitness Arena,PECHS,"Gym, Badminton",Indoor,No,Yes,6:00 AM – 10:00 PM,"800 – 1,500"
IronCore Fitness Center,DHA Phase 5,Gym,Indoor,No,Yes,6:00 AM – 11:00 PM,"1,000 – 1,800"
IronCore Gym,DHA Phase 5,Gym,Indoor,No,Yes,6:00 AM – 11:00 PM,"1,100 – 1,900"
IronEdge Gym,Orangi Town,Gym,Indoor,No,Yes,6:00 AM – 10:00 PM,"1,000 – 1,800"
IronFit Gym,Liaquatabad,Gym,Indoor,No,Yes,6:00 AM – 10:00 PM,"900 – 1,600"
IronFit Gym,Korangi Industrial,Gym,Indoor,No,Yes,6:00 AM – 9:00 PM,"1,200 – 2,200"
IronFlex Fitness,Saddar,Gym,Indoor,No,Yes,6:00 AM – 10:00 PM,"700 – 1,400"
IronFlex Fitness,DHA Phase 5,Gym,Indoor,No,Yes,6:00 AM – 11:00 PM,"1,000 – 1,800"
IronFlex Fitness Center,DHA Phase 5,Gym,Indoor,No,Yes,6:00 AM – 11:00 PM,"1,000 – 1,800"
IronStrength Gym,DHA Phase 5,Gym,Indoor,No,Yes,6:00 AM – 11:00 PM,"1,300 – 2,100"
IronWorks Gym,Korangi,Gym,Indoor,No,Yes,6:00 AM – 11:00 PM,"600 – 1,100"
Jahangir Khan Sports Club (JKSC),Kashmir Road,Jamshed Quarters,Outdoor,Yes,Yes,6:00 AM – 9:00 PM,4000 - 7000
Jauhar Indoor Sports,Gulshan-e-Jauhar,"Indoor Cricket, Gym",Indoor,No,Yes,9:00 AM – 12:00 AM,"2,800 – 4,800"
Jinnah Gym & Sports,Saddar,"Gym, Indoor Cricket",Indoor,No,Yes,7:00 AM – 10:00 PM,"4,200 – 6,000"
Jinnah Sports Complex,Saddar,"Swimming Pool, Basketball, Gym",Indoor/Outdoor,Yes,Yes,6:00 AM – 10:00 PM,2000 - 5000
JumpShot Court,North Karachi,Basketball,Indoor,No,No,4:00 PM – 11:00 PM,"1,900 – 3,200"
Karachi Basketball Hub,Gulshan Block 7,Basketball,Indoor,No,No,4:00 PM – 11:00 PM,"2,800 – 4,500"
Karachi Beach Volleyball,Seaview,Beach Volleyball,Outdoor,No,No,10:00 AM – 11:00 PM,0
Karachi Cricket Academy,Lyari,Cricket Training,Outdoor,No,No,8:00 AM – 8:00 PM,"1,700 – 2,700"
Karachi Cricket Academy,Lyari,Cricket Training,Outdoor,No,No,8:00 AM – 8:00 PM,"1,700 – 2,700"
Karachi Cricket Academy,Lyari,Cricket Training,Outdoor,No,No,8:00 AM – 8:00 PM,"1,800 – 2,800"
Karachi Cricket Academy,Lyari,Cricket Training,Outdoor,No,No,8:00 AM – 8:00 PM,"1,800 – 2,900"
Karachi Cricket Academy,Lyari,Cricket Training,Outdoor,No,No,8:00 AM – 8:00 PM,"1,900 – 3,000"
Karachi Cricket Academy,Lyari,Cricket Training,Outdoor,No,No,8:00 AM – 8:00 PM,"2,000 – 3,100"
Karachi Cricket Academy,Lyari,Cricket Training,Outdoor,No,No,8:00 AM – 8:00 PM,"2,100 – 3,200"
Karachi Cricket Academy,Lyari,Cricket Training,Outdoor,No,No,8:00 AM – 8:00 PM,"2,200 – 3,300"
Karachi Cricket Academy,Lyari,Cricket Training,Outdoor,No,No,8:00 AM – 8:00 PM,"2,300 – 3,400"
Karachi Cricket Academy,Lyari,Cricket Training,Outdoor,No,No,8:00 AM – 8:00 PM,"2,400 – 3,500"
Karachi Cricket Academy,Lyari,Cricket Training,Outdoor,No,No,8:00 AM – 8:00 PM,"2,500 – 3,600"
Karachi Cricket Academy,Lyari,Cricket Training,Outdoor,No,No,8:00 AM – 8:00 PM,"2,600 – 3,700"
Karachi Cricket Academy,Lyari,Cricket Training,Outdoor,No,No,8:00 AM – 8:00 PM,"2,700 – 3,800"
Karachi Eagles Arena,Scheme 33,Cricket Net Turf,Outdoor,No,No,6:00 AM – 11:00 PM,3000–5500
Karachi Gymkhana,Club Rd,Saddar,Indoor,Yes,Yes,7:00 AM – 10:00 PM,6000 - 8500
Karachi Gymkhana Indoor Courts,Club Rd,"Indoor Cricket, Tennis, Gym",Indoor ,Yes,No,7:00 AM – 10:00 PM,6000 - 8500
Karachi Hoopers Court,PECHS Block 3,Basketball,Indoor,No,No,4:00 PM – 11:00 PM,"3,000 – 4,800"
Karachi Indoor Arena,Korangi,"Indoor Cricket, Basketball",Indoor,No,Yes,9:00 AM – 11:00 PM,"5,500 – 7,800"
Karachi Parsi Institute,Jacob Lines,Central,Outdoor,Yes,Yes,7:00 AM – 9:00 PM,4000 - 7000
Karachi Rowing Club,Clifton,"Rowing, Gym",Outdoor/Indoor,Yes,Yes,6:00 AM – 8:00 PM,"6,000 – 8,500"
Karachi Table Tennis Club,Gulshan-e-Iqbal,Table Tennis,Indoor,No,No,9:00 AM – 8:00 PM,"1,500 – 2,500"
Karachi University Football Ground,University Rd,"Football, Cricket",Outdoor,No,No,7:00 AM – 8:00 PM,1500 - 3500
Karachi Warriors Arena,Gulshan-e-Maymar,Indoor Cricket,Indoor,Indoor,No,8:00 AM – 10:00 PM,0
Karachi Youth Cricket Academy,Lyari,Cricket Training,Outdoor,No,No,8:00 AM – 8:00 PM,"1,500 – 2,500"
Karsaz Cricket Nets,Karsaz,Cricket Nets,Outdoor,No,No,6:00 AM – 8:00 PM,"1,600 – 2,800"
Karsaz Gym & Fitness,Karsaz,"Gym, Indoor Cricket",Indoor,No,Yes,7:00 AM – 10:00 PM,"4,000 – 6,000"
Karsaz Gym & Sports,Karsaz,"Gym, Cricket",Indoor/Outdoor,No,Yes,7:00 AM – 9:00 PM,"1,300 – 2,500"
Karsaz Indoor Arena,Karsaz,"Indoor Cricket, Gym",Indoor,No,Yes,7:00 AM – 10:00 PM,"5,500 – 8,000"
Karsaz Indoor Sports,Karsaz,"Indoor Cricket, Gym",Indoor,No,Yes,7:00 AM – 9:00 PM,3500 - 6000
Karsaz Sports Complex,Karsaz,"Cricket, Basketball, Gym",Outdoor,No,Yes,7:00 AM – 9:00 PM,1500 - 3500
KDA Sports Complex,Gulshan-e-Iqbal,"Basketball, Gym, Cricket",Indoor/Outdoor,No,Yes,7:00 AM – 9:00 PM,"500 – 1,500"
KDA Sports Pavilion,Gulshan,"Basketball, TT, Gym",Indoor,No,Yes,7:00 AM – 10:00 PM,300 – 800
Khel Karachi Arena,DHA Phase 8,"Cricket, Football, Padel",Outdoor,No,No,6:00 AM – 12:00 AM,"3,000 – 6,000"
KickOff Football Turf,Qayyumabad,Football,Outdoor,No,No,5:00 PM – 11:00 PM,"3,000 – 5,000"
KickOff Turf,Surjani Town,"Football, Cricket",Outdoor,No,No,6:00 AM – 12:00 AM,"2,200 – 4,000"
KickStart Sports,Shah Faisal Colony,"Cricket, Football",Outdoor,No,No,6:00 AM – 10:00 PM,"2,500 – 4,200"
KickStart Turf,Landhi,Football,Outdoor,No,No,6:00 AM – 11:00 PM,"2,500 – 4,200"
KickStart Turf,Landhi,Football,Outdoor,No,No,6:00 AM – 11:00 PM,"2,600 – 4,200"
KickZone Turf,Landhi,Football,Outdoor,No,No,6:00 AM – 11:00 PM,"2,300 – 3,900"
KMC Basketball Court,Nazimabad,Basketball,Outdoor,No,No,5:00 PM – 10:00 PM,0
KMC City Sports Complex,Kashmir Road,"Basketball, Swimming, Table Tennis",Indoor/Outdoor,Yes,Yes,6:00 AM – 9:00 PM,2000 - 5000
Korangi Cricket & Gym Club,Korangi,"Cricket, Gym, Table Tennis",Indoor/Outdoor,No,Yes,7:00 AM – 9:00 PM,3500 - 6000
Korangi Cricket Club,Korangi,"Cricket, Gym",Indoor/Outdoor,No,Yes,7:00 AM – 9:00 PM,"3,500 – 5,000"
Korangi Cricket Nets,Korangi,Cricket Nets,Outdoor,No,No,7:00 AM – 8:00 PM,1000 - 3000
Korangi Cricket Nets,Korangi,Cricket Nets,Outdoor,No,No,7:00 AM – 8:00 PM,"1,500 – 3,000"
Korangi Football Ground,Korangi,Football,Outdoor,No,No,6:00 AM – 8:00 PM,0 – 700
Korangi Gym & Sports Club,Korangi,"Gym, Cricket Nets, Table Tennis",Indoor,No,Yes,7:00 AM – 9:00 PM,3500 - 6000
Korangi Gym Core,Korangi Industrial,Gym,Indoor,No,Yes,6:00 AM – 9:00 PM,"2,600 – 3,900"
Korangi Gymnasium,Korangi,"Gym, Cricket",Indoor/Outdoor,No,Yes,7:00 AM – 9:00 PM,"3,500 – 6,000"
Korangi Indoor Cricket,Korangi,"Indoor Cricket, Gym",Indoor,No,Yes,10:00 AM – 12:00 AM,"5,000 – 8,000"
Korangi Indoor Cricket Arena,Korangi,"Indoor Cricket, Gym",Indoor,No,Yes,10:00 AM – 12:00 AM,3500 - 7000
Korangi Industrial Sports,Korangi,"Gym, Cricket Nets",Indoor,No,Yes,7:00 AM – 9:00 PM,3500 - 6000
Korangi Sports Club,Korangi,"Cricket, Padel, Gym",Indoor/Outdoor,No,Yes,8:00 AM – 9:00 PM,3500 - 6000
Korangi Sports Ground,Korangi,"Cricket, Basketball, Gym",Outdoor,No,Yes,7:00 AM – 9:00 PM,1500 - 3500
Korangi Sports Ground,Korangi,"Cricket, Basketball",Outdoor,No,No,7:00 AM – 9:00 PM,"1,500 – 2,500"
Korangi Swimming Pool,Korangi,"Swimming Pool, Gym",Indoor,Yes,Yes,6:00 AM – 9:00 PM,"4,500 – 6,200"
Korangi Table Tennis,Korangi,Table Tennis,Indoor,No,No,8:00 AM – 9:00 PM,"2,500 – 3,800"
Korangi Volleyball Club,Korangi,Volleyball,Outdoor,No,No,7:00 AM – 9:00 PM,"1,500 – 2,500"
Legends Arena,DHA Phase 5,"Padel, Futsal, Gym",Indoor/Outdoor,No,Yes,8:00 AM – 11:00 PM,7000 - 9000
Lightning Badminton Hall,Saddar,Badminton,Indoor,No,No,4:00 PM – 10:00 PM,"1,100 – 2,100"
Lightning Cricket Nets,Landhi,Cricket Nets,Outdoor,No,No,6:00 AM – 8:00 PM,"1,000 – 1,600"
Lightning Cricket Nets,Landhi,Cricket Nets,Outdoor,No,No,6:00 AM – 8:00 PM,"1,200 – 1,900"
Lightning Cricket Nets,Landhi,Cricket Nets,Outdoor,No,No,6:00 AM – 8:00 PM,"1,500 – 2,300"
Lyari Basketball Club,Lyari,Basketball,Outdoor,No,No,7:00 AM – 9:00 PM,"1,000 – 1,800"
Lyari Basketball Club,Lyari,Basketball,Outdoor,No,No,7:00 AM – 9:00 PM,"1,000 – 1,800"
Lyari Basketball Courts,Lyari,Basketball,Outdoor,No,No,6:00 AM – 8:00 PM,0
Lyari Cricket Academy,Lyari,Cricket Training,Outdoor,No,No,8:00 AM – 7:00 PM,"2,800 – 3,900"
Lyari Cricket Academy,Lyari,Cricket Training,Outdoor,No,No,8:00 AM – 7:00 PM,"2,800 – 4,000"
Lyari Cricket Academy,Lyari,Cricket Training,Outdoor,No,No,8:00 AM – 7:00 PM,"2,800 – 3,900"
Lyari Cricket Coaching,Lyari,Cricket Training,Outdoor,No,No,8:00 AM – 7:00 PM,"2,900 – 4,000"
Lyari Football Ground,Lyari,Football,Outdoor,No,No,6:00 AM – 8:00 PM,0
Lyari Gym & Sports,Lyari,"Gym, Cricket Nets",Indoor/Outdoor,No,Yes,6:00 AM – 10:00 PM,"2,900 – 4,500"
Lyari High-Performance Centre,Lyari,"Boxing, Gym, Basketball",Indoor,No,Yes,8:00 AM – 8:00 PM,300 – 800
Lyari Padel Courts,Lyari,Padel,Outdoor,No,No,7:00 AM – 9:00 PM,"8,000 – 11,000"
Lyari Sports Ground,Lyari,"Cricket, Basketball",Outdoor,No,No,6:00 AM – 8:00 PM,1000 - 3000
Lyari Sports Stadium,Lyari,"Cricket, Football",Outdoor,No,No,6:00 AM – 8:00 PM,0
Lyari Swimming Pool,Lyari,Swimming Pool,Indoor,Yes,No,6:00 AM – 9:00 PM,"3,000 – 4,500"
Lyari Table Tennis Club,Lyari,Table Tennis,Indoor,No,No,8:00 AM – 9:00 PM,"1,500 – 2,500"
Malir Cricket Ground,Malir,Outdoor Cricket,Outdoor,No,No,6:00 AM – 8:00 PM,1000 - 3000
Malir Gym & Cricket Club,Malir,"Gym, Cricket",Indoor/Outdoor,No,Yes,6:00 AM – 9:00 PM,"3,000 – 5,000"
Malir Gym & Sports Club,Malir,"Gym, Cricket Nets, Table Tennis",Indoor,No,Yes,6:00 AM – 10:00 PM,3000 - 6000
Malir Indoor Cricket,Malir,"Indoor Cricket, Gym",Indoor,No,Yes,7:00 AM – 11:00 PM,"5,000 – 7,500"
Malir Sports Arena,Malir,"Cricket, Gym, Swimming",Indoor/Outdoor,Yes,Yes,6:00 AM – 9:00 PM,"3,500 – 6,000"
Malir Sports Club,Malir,"Cricket Nets, Gym, Swimming Pool",Outdoor/Indoor,Yes,Yes,6:00 AM – 9:00 PM,3000 - 6000
Malir Sports Complex,Malir,"Cricket, Gym, Swimming",Indoor/Outdoor,Yes,Yes,6:00 AM – 9:00 PM,2000 - 4500
Malir Swimming Club,Malir,"Swimming Pool, Gym",Indoor,Yes,Yes,6:00 AM – 9:00 PM,"4,800 – 6,500"
Malir Water Sports Club,Malir,"Swimming Pool, Gym",Indoor/Outdoor,Yes,Yes,8:00 AM – 7:00 PM,4000 - 7000
MaxFit Gym,Baldia,Gym,Indoor,No,Yes,6:00 AM – 10:00 PM,"650 – 1,150"
MaxFit Gym,North Nazimabad,Gym,Indoor,No,Yes,6:00 AM – 10:00 PM,"2,400 – 3,700"
MaxPower Gym,DHA Phase 6,Gym,Indoor,No,Yes,6:00 AM – 11:00 PM,"1,350 – 2,250"
MaxPower Gym,Korangi,Gym,Indoor,No,Yes,6:00 AM – 10:00 PM,"1,000 – 1,800"
Mega Cricket Arena,Gulshan-e-Iqbal,Indoor Cricket,Indoor,No,Yes,4:00 PM – 12:00 AM,"3,500 – 5,900"
Mega Padel Courts,DHA Phase 4,Padel,Outdoor,No,No,7:00 AM – 10:00 PM,6000–8000
Metro Football Ground,Korangi,Football,Outdoor,No,No,6:00 AM – 9:00 PM,"0 – 1,000"
Metro Football Grounds,Korangi,Football,Outdoor,No,No,6:00 AM – 9:00 PM,0 – 900
Metro Football Grounds,Korangi,Football,Outdoor,No,No,6:00 AM – 9:00 PM,0 – 900
Metro Sports Complex,SITE Area,"Cricket, Basketball, Gym",Indoor/Outdoor,No,Yes,7:00 AM – 9:00 PM,"800 – 1,800"
Metro Sports Complex,Saddar,"Basketball, Table Tennis",Indoor,No,Yes,7:00 AM – 9:00 PM,"2,000 – 3,200"
Metro Sports Ground,SITE Area,"Cricket, Football",Outdoor,No,No,6:00 AM – 8:00 PM,0
Midnight Cricket Arena,Nazimabad,Indoor Cricket,Indoor,No,Yes,6:00 PM – 2:00 AM,"3,700 – 6,200"
Midnight Cricket Arena,North Karachi,Indoor Cricket,Indoor,No,Yes,8:00 PM – 4:00 AM,"6,000 – 9,500"
Model Colony Sports Club,Model Colony,"Cricket, Gym, Basketball",Outdoor,No,Yes,7:00 AM – 9:00 PM,1500 - 3500
Model Town Sports Facility,Model Town,"Cricket, Basketball, Gym",Outdoor,No,Yes,7:00 AM – 8:00 PM,1500 - 3500
Morning Jog Track,Model Colony,Jogging / Fitness,Outdoor,No,No,5:00 AM – 8:00 AM,0
Muscle Factory,Saddar,Gym,Indoor,No,Yes,6:00 AM – 11:00 PM,"1,300 – 2,300"
MuscleFit Gym,Gulshan-e-Iqbal,Gym,Indoor,No,Yes,6:00 AM – 10:00 PM,"1,250 – 2,150"
MuscleForge Gym,Federal B Area,Gym,Indoor,No,Yes,6:00 AM – 10:00 PM,"1,200 – 2,200"
MuscleLab Gym,Gulshan-e-Iqbal,Gym,Indoor,No,Yes,6:00 AM – 10:00 PM,"1,300 – 2,200"
MuscleMax Gym,Gulshan-e-Iqbal,Gym,Indoor,No,Yes,6:00 AM – 10:00 PM,"1,200 – 2,100"
MuscleWorks Gym,PECHS,Gym,Indoor,No,Yes,6:00 AM – 10:00 PM,"1,200 – 2,000"
National Coaching Centre,Saddar,Cricket Training,Outdoor,No,No,8:00 AM – 6:00 PM,"1,500 – 3,000"
National Swimming Bath,PECHS,Swimming Pool,Outdoor,Yes,No,6:00 AM – 8:00 PM,"500 – 1,200"
Nazimabad Community Courts,Nazimabad,"Cricket, Basketball",Outdoor,No,No,6:00 AM – 8:00 PM,"0 – 2,400"
Nazimabad Community Ground,Nazimabad,"Cricket, Basketball",Outdoor,No,No,6:00 AM – 8:00 PM,"0 – 2,200"
Nazimabad Cricket Club,Nazimabad,"Cricket, Outdoor Basketball",Outdoor,No,No,6:00 AM – 8:00 PM,1500 - 3500
Nazimabad Cricket Ground,Nazimabad,"Outdoor Cricket, Basketball",Outdoor,No,No,6:00 AM – 8:00 PM,1500 - 3500
Nazimabad Sports Complex,Nazimabad,"Cricket, Basketball",Outdoor,No,No,6:00 AM – 8:00 PM,"0 – 1,400"
Nazimabad Sports Complex,Nazimabad,"Cricket, Basketball",Outdoor,No,No,6:00 AM – 8:00 PM," 0 – 2,300"
Neighborhood Sports Complex,Nazimabad,"Cricket, Basketball",Outdoor,No,No,6:00 AM – 8:00 PM,"0 – 2,200"
Net Masters Academy,Nazimabad,Cricket Nets,Outdoor,No,No,6:00 AM – 10:00 PM,"1,800 – 3,000"
Net Smash Badminton Club,PECHS,Badminton,Indoor,No,No,3:00 PM – 9:00 PM,"2,400 – 3,600"
NetGain Cricket Nets,Orangi Town,Cricket Nets,Outdoor,No,No,5:00 PM – 11:00 PM,"1,600 – 2,700"
NetKings Arena,Orangi Town,Cricket Nets,Outdoor,No,No,5:00 PM – 12:00 AM,"1,500 – 2,500"
NetMaster Indoor Arena,North Karachi,Indoor Cricket,Indoor,No,No,4:00 PM – 12:00 AM,"2,600 – 4,400"
NetMasters Arena,North Karachi,Indoor Cricket,Indoor,No,No,4:00 PM – 12:00 AM,"2,400 – 4,100"
NetMasters Cricket,Nazimabad No.4,Cricket Nets,Indoor,No,No,5:00 PM – 12:00 AM,"1,500 – 2,500"
NetMasters Cricket Nets,Landhi,Cricket Nets,Outdoor,No,No,6:00 AM – 7:00 PM,"1,500 – 2,200"
NetMasters Indoor Arena,North Karachi,Indoor Cricket,Indoor,No,No,4:00 PM – 12:00 AM,"2,500 – 4,300"
NetPlay Arena,Gulberg,Indoor Cricket,Indoor,No,No,4:00 PM – 12:00 AM,"2,300 – 3,900"
NetPro Arena,Baldia Town,Cricket Nets,Outdoor,No,No,5:00 PM – 12:00 AM,"1,600 – 2,700"
NetPro Cricket Nets,Orangi Town,Cricket Nets,Outdoor,No,No,5:00 PM – 11:00 PM,"1,600 – 2,600"
NetZone Indoor Cricket,North Karachi,Indoor Cricket,Indoor,No,No,4:00 PM – 12:00 AM,"2,500 – 4,300"
Night Owl Cricket Arena,Gulshan-e-Maymar,Indoor Cricket,Indoor,No,Yes,7:00 PM – 3:00 AM,"5,500 – 8,500"
Night Owls Cricket Arena,North Karachi,Indoor Cricket,Indoor,No,Yes,6:00 PM – 2:00 AM,"3,600 – 6,000"
Night Strike Cricket Arena,Korangi,Indoor Cricket,Indoor,No,Yes,6:00 PM – 2:00 AM,"3,900 – 6,500"
NIPA Cricket Nets,NIPA Chowrangi,Cricket Nets,Outdoor,No,No,7:00 AM – 9:00 PM,"1,800 – 3,000"
NIPA Gym & Fitness Center,NIPA Chowrangi,"Gym, Badminton",Indoor,No,Yes,7:00 AM – 10:00 PM,"3,300 – 5,000"
NIPA Sports Club,NIPA Chowrangi,"Gym, Cricket Nets, Table Tennis",Indoor,No,Yes,8:00 AM – 10:00 PM,3500 - 6000
North Karachi Badminton,North Karachi,Badminton,Indoor,No,No,7:00 AM – 10:00 PM,"2,500 – 3,500"
North Karachi Cricket,North Karachi,Cricket,Outdoor,No,No,7:00 AM – 9:00 PM,"1,500 – 3,000"
North Karachi Gymkhana,North Karachi,"Gym, Cricket, Table Tennis",Indoor/Outdoor,No,Yes,7:00 AM – 10:00 PM,3500 - 6000
North Karachi Indoor Sports,North Karachi,"Indoor Cricket, Padel, Gym",Indoor,No,Yes,10:00 AM – 11:00 PM,4000 - 7000
North Karachi Sports Club,North Karachi,"Cricket, Basketball, Swimming",Indoor/Outdoor,Yes,No,7:00 AM – 9:00 PM,4000 - 7000
North Karachi Sports Hub,North Karachi,"Cricket, Gym, Basketball",Indoor/Outdoor,No,Yes,7:00 AM – 10:00 PM,"2,000 – 3,500"
North Nazimabad Courts,North Nazimabad,"Cricket, Basketball",Outdoor,No,No,7:00 AM – 9:00 PM,0
North Nazimabad Courts,North Nazimabad,"Cricket, Basketball",Outdoor,No,No,7:00 AM – 9:00 PM,0
North Nazimabad Gym & Sports,North Nazimabad,"Gym, Cricket Nets, Basketball",Indoor/Outdoor,No,Yes,7:00 AM – 10:00 PM,2000 - 4500
North Nazimabad Sports,North Nazimabad,"Cricket, Basketball",Outdoor,No,No,7:00 AM – 9:00 PM,0
North Nazimabad Sports Complex,North Nazimabad,"Cricket, Basketball, Table Tennis, Gym",Indoor/Outdoor,No,Yes,7:00 AM – 10:00 PM,2000 - 4500
North Nazimabad Tennis,North Nazimabad,Tennis,Outdoor,No,No,7:00 AM – 8:00 PM,"1,800 – 3,000"
North Padel Point,North Nazimabad,Padel,Outdoor,No,No,7:00 AM – 10:00 PM,"4,500 – 6,500"
North Star Cricket Ground,North Karachi,Outdoor Cricket,Outdoor,No,No,6:00 AM – 8:00 PM,0
North Star Indoor Arena,North Nazimabad,Indoor Cricket,Indoor,No,No,5:00 PM – 1:00 AM,"2,500 – 4,500"
North Town Sports Ground,North Karachi,"Cricket, Football",Outdoor,No,No,6:00 AM – 9:00 PM,"0 – 1,500"
Nova Gym,North Nazimabad,Gym,Indoor,No,Yes,6:00 AM – 10:00 PM,"1,500 – 2,700"
Ocean Blue Swim Center,Clifton Block 7,Swimming Pool,Indoor,Yes,No,6:00 AM – 9:00 PM,"3,500 – 5,500"
Ocean Blue Swim Center,Clifton,Swimming Pool,Indoor,Yes,No,6:00 AM – 9:00 PM,"4,200 – 6,400"
Ocean Breeze Swim Academy,Clifton,Swimming Pool,Indoor,Yes,No,6:30 AM – 9:00 PM,"4,000 – 5,800"
Ocean Breeze Swim Club,Defence Phase 6,Swimming Pool,Indoor,Yes,Yes,6:00 AM – 9:00 PM,"5,000 – 7,000"
Ocean Edge Pool,DHA Phase 5,Swimming Pool,Outdoor,Yes,No,7:00 AM – 9:00 PM,"2,500 – 4,000"
Ocean Kickoff,Seaview,Beach Football,Outdoor,No,No,7:00 AM – 6:00 PM,"2,000 – 3,500"
Ocean Swim Academy,Malir,Swimming Pool,Indoor,Yes,No,7:00 AM – 9:00 PM,"2,500 – 4,000"
Ocean Swim Academy,Malir,Swimming Pool,Indoor,Yes,No,7:00 AM – 9:00 PM,"2,500 – 4,000"
Ocean View Jog & Fitness,Seaview,Outdoor Fitness,Outdoor,No,No,Sunrise – Sunset,0
OceanFit Club,Seaview,"Fitness, Beach Sports",Outdoor,No,Yes,6:00 AM – 9:00 PM,"700 – 1,200"
Oceanic Swim Center,Clifton Block 5,Swimming Pool,Indoor,Yes,No,6:00 AM – 9:00 PM,"3,200 – 5,000"
Oceanic Swim Center,Clifton,Swimming Pool,Indoor,Yes,No,6:00 AM – 9:00 PM,"4,500 – 6,700"
Oceanic Swim Center,Gulshan-e-Iqbal,Swimming Pool,Indoor,Yes,No,6:00 AM – 9:00 PM,"4,100 – 6,000"
Oceanic Swim Club,Gulshan-e-Iqbal,Swimming Pool,Indoor,Yes,No,6:00 AM – 9:00 PM,"1,200 – 2,000"
Oceanic Swim Pool,Clifton,Swimming Pool,Indoor,Yes,No,6:00 AM – 9:00 PM,"3,900 – 6,100"
Oceanic Swimming Club,DHA Phase 2,Swimming Pool,Indoor,Yes,No,6:00 AM – 9:00 PM,"700 – 1,300"
OceanSplash Pool,Hawksbay Road,Swimming Pool,Outdoor,Yes,No,8:00 AM – 7:00 PM,"2,000 – 3,500"
Olympic Fitness Club,Gulberg,"Gym, Basketball",Indoor,No,Yes,6:00 AM – 10:00 PM,"700 – 1,400"
Olympic Sports Facility,Malir Cantt,Basketball,Outdoor,Gym,Yes,7:00 AM – 9:00 PM,0
Paddle Pro Courts,DHA Phase 1,Padel,Outdoor,No,No,7:00 AM – 11:00 PM,"6,000 – 8,000"
PaddleCourt,PECHS,Padel,Outdoor,No,No,7:00 AM – 10:00 PM,"5,500 – 9,000"
PaddleHub Karachi,Clifton,Padel,Outdoor,No,No,7:00 AM – 11:00 PM,"5,500 – 9,000"
PaddleMaster Courts,PECHS,Padel,Outdoor,No,No,7:00 AM – 10:00 PM,"5,300 – 8,700"
PaddlePro Courts,PECHS,Padel,Outdoor,No,No,7:00 AM – 10:00 PM,"5,000 – 8,500"
PaddlePro Courts,PECHS,Padel,Outdoor,No,No,7:00 AM – 10:00 PM,"5,200 – 8,800"
PaddleX Courts,Clifton,Padel,Outdoor,No,No,7:00 AM – 11:00 PM,"6,500 – 9,000"
Padel Hub,North Karachi,Padel,Outdoor,No,No,7:00 AM – 10:00 PM,5000–7000
Padel One Karachi,Clifton,Padel,Outdoor,No,No,7:00 AM – 11:00 PM,"6,800 – 11,200"
Padel Republic,DHA Phase 7,Padel,Outdoor,No,No,7:00 AM – 11:00 PM,"6,500 – 8,500"
PadelOne Karachi,DHA Phase 8,Padel,Outdoor,No,No,7:00 AM – 10:00 PM,"8,000 – 13,000"
Padelverse,DHA Phase 5,Padel,Indoor,No,No,8:00 AM – 11:00 PM,"~8,000"
PadelX Karachi,Clifton,Padel,Outdoor,No,No,7:00 AM – 11:00 PM,"5,500 – 7,500"
PadelZone Courts,Clifton,Padel,Outdoor,No,No,7:00 AM – 10:00 PM,"6,700 – 11,000"
Pak Aqua Pool,North Nazimabad,Swimming Pool,Indoor,Yes,No,6:00 AM – 9:00 PM,"1,200 – 2,100"
Pak Gym & Sports Club,North Nazimabad,"Gym, Indoor Cricket",Indoor,No,Yes,6:00 AM – 10:00 PM,"2,900 – 4,100"
Peak Performance Arena,DHA Phase 7,"Indoor Cricket, Padel",Indoor/Outdoor,No,Yes,7:00 AM – 12:00 AM,"7,000 – 12,000"
Peak Performance Gym,North Karachi,Gym,Indoor,No,Yes,6:00 AM – 10:00 PM,"900 – 1,700"
Peak Performance Gym,DHA Phase 5,Gym,Indoor,No,Yes,6:00 AM – 11:00 PM,"1,300 – 2,300"
PeakFit Gym,DHA Phase 5,Gym,Indoor,No,Yes,6:00 AM – 11:00 PM,"1,350 – 2,350"
PECHS Basketball Court,PECHS,Basketball,Outdoor,No,No,5:00 PM – 10:00 PM,"0 / 1,000"
PECHS Cricket Grounds,PECHS,Cricket,Outdoor,No,No,6:00 AM – 8:00 PM,"1,800 – 3,000"
PECHS Cricket Nets,PECHS,Cricket Nets,Outdoor,No,No,6:00 AM – 8:00 PM,"1,700 – 2,900"
Playfield Turf,Surjani Town,"Football, Cricket",Outdoor,No,No,6:00 AM – 12:00 AM,"2,500 – 4,400"
PlayFit Women Club,Nazimabad,"Gym, Fitness",Indoor,No,Yes,8:00 AM – 6:00 PM,500 – 900
PlayGround Turf,Surjani Town,"Football, Cricket",Outdoor,No,No,6:00 AM – 12:00 AM,"2,400 – 4,200"
PlayMax Sports Hub,Gulshan-e-Iqbal,"Indoor Cricket, Badminton",Indoor,No,Yes,10:00 AM – 12:00 AM,"3,200 – 5,400"
PlayMore Sports Hall,Saddar,"Indoor Cricket, TT",Indoor,No,No,10:00 AM – 11:00 PM,"2,500 – 4,000"
Playon Sports Complex,North Nazimabad,"Indoor Cricket, TT",Indoor,No,No,10:00 AM – 12:00 AM,"2,500 – 4,000"
PlayOn Turf,DHA Phase 2,"Cricket, Football",Outdoor,No,No,6:00 AM – 12:00 AM,"3,000 – 5,000"
PlayOn Turf,Surjani Town,"Football, Cricket",Outdoor,No,No,6:00 AM – 12:00 AM,"2,200 – 4,000"
PlayOn Turf,Surjani Town,"Football, Cricket",Outdoor,No,No,6:00 AM – 12:00 AM,"2,400 – 4,200"
PlayZone Arena,Baldia Town,Indoor Cricket,Futsal,No,No,10:00 AM – 10:00 PM,0
PlayZone Sports,Gulistan-e-Jauhar,"Cricket, Basketball",Outdoor,No,No,6:00 AM – 11:00 PM,"3,000 – 5,500"
PNS Sports Arena,Clifton,"Swimming, Gym, Cricket",Indoor/Outdoor,Yes,Yes,6:00 AM – 10:00 PM,"6,000 – 8,000"
PNS Sports Arena,Clifton,"Swimming, Gym, Cricket",Indoor/Outdoor,Yes,Yes,6:00 AM – 10:00 PM,"6,000 – 8,000"
PNS Sports Complex,Clifton,"Swimming Pool, Gym, Cricket",Indoor/Outdoor,Yes,Yes,6:00 AM – 10:00 PM,6000 - 8500
PNS Swimming Pool,Clifton,Swimming Pool,Indoor,Yes,No,6:00 AM – 9:00 PM,6000 - 8500
PNS Tennis Courts,Clifton,Tennis,Outdoor,No,No,8:00 AM – 10:00 PM,"2,800 – 4,000"
Power Gym,Korangi Industrial,Gym,Indoor,No,Yes,6:00 AM – 9:00 PM,"1,500 – 2,600"
Power Indoor Cricket,Gulshan-e-Maymar,"Indoor Cricket, Gym",Indoor,No,Yes,7:00 AM – 12:00 AM,"6,200 – 9,200"
Power Play Indoor Arena,Gulshan-e-Maymar,"Indoor Cricket, Gym",Indoor,No,Yes,7:00 AM – 12:00 AM,"7,200 – 10,800"
Power Smash Indoor Arena,Gulshan-e-Maymar,"Indoor Cricket, Gym",Indoor,No,Yes,7:00 AM – 12:00 AM,"7,000 – 10,500"
Power Turf Karachi,Baldia Town,"Cricket, Football",Outdoor,No,No,6:00 AM – 11:00 PM,"2,800 – 4,800"
PowerCore Gym,Landhi,Gym,Indoor,No,Yes,6:00 AM – 10:00 PM,"1,100 – 1,900"
PowerCourt Arena,Clifton,"Indoor Cricket, Badminton",Indoor,No,Yes,7:00 AM – 11:00 PM,"3,000 – 5,200"
Powerfit Gym,Korangi Industrial,Gym,Indoor,No,Yes,6:00 AM – 9:00 PM,"1,600 – 2,700"
Powerfit Gym,Korangi Industrial,Gym,Indoor,No,Yes,6:00 AM – 9:00 PM,"1,700 – 2,900"
PowerGym Fitness,DHA Phase 6,Gym,Indoor,No,Yes,6:00 AM – 11:00 PM,"1,300 – 2,200"
PowerGym Fitness Studio,PECHS,Gym,Indoor,No,Yes,6:00 AM – 11:00 PM,"2,200 – 3,800"
PowerHit Cricket Nets,DHA Phase 6,Cricket Nets,Indoor,No,No,6:00 PM – 12:00 AM,"2,200 – 3,600"
Powerhouse Fitness & Courts,Gulshan,"Gym, TT",Indoor,No,Yes,6:00 AM – 11:00 PM,300 – 800
PowerHouse Gym,PECHS,Gym,Indoor,No,Yes,6:00 AM – 11:00 PM,"800 – 1,500"
PowerHouse Gym,Gulshan-e-Iqbal,Gym,Indoor,No,Yes,6:00 AM – 10:00 PM,"1,200 – 2,000"
Powerhouse Gym,Korangi Industrial,Gym,Indoor,No,Yes,6:00 AM – 9:00 PM,"1,300 – 2,400"
Powerhouse Gym,Korangi Industrial,Gym,Indoor,No,Yes,6:00 AM – 9:00 PM,"1,300 – 2,400"
Powerhouse Gym,North Nazimabad,Gym,Indoor,No,Yes,6:00 AM – 10:00 PM,"1,900 – 3,200"
PowerHouse Gym,North Nazimabad,Gym,Indoor,No,Yes,6:00 AM – 10:00 PM,"2,800 – 4,100"
PowerLift Arena,Gulberg,Gym,Indoor,No,Yes,6:00 AM – 10:00 PM,"1,100 – 1,900"
PowerLift Gym,Korangi,Gym,Indoor,No,Yes,6:00 AM – 10:00 PM,"1,000 – 1,700"
PowerNet Cricket,Baldia,Cricket Nets,Outdoor,No,No,5:00 PM – 11:00 PM,"1,300 – 2,400"
PowerPadel Courts,Clifton,Padel,Outdoor,No,No,7:00 AM – 10:00 PM,"6,600 – 10,800"
PowerPlay Arena,Gulshan-e-Iqbal,"Indoor Cricket, Futsal",Indoor,No,No,4:00 PM – 2:00 AM,"3,000 – 5,000"
PowerPlay Arena,DHA Phase 8,"Indoor Cricket, Football",Indoor,No,No,5:00 PM – 2:00 AM,"5,000 – 8,000"
PowerPlay Indoor Arena,DHA Phase 2,Indoor Cricket,Indoor,No,No,5:00 PM – 1:00 AM,"2,500 – 4,200"
PowerPlay Indoor Arena,Korangi,"Indoor Cricket, Gym",Indoor,No,Yes,6:00 AM – 12:00 AM,"3,100 – 5,400"
PowerPlay Indoor Arena,DHA Phase 2,Indoor Cricket,Indoor,No,Yes,4:00 PM – 12:00 AM,"3,800 – 6,200"
PowerPlay Sports Zone,Gulistan-e-Johar,"Indoor Cricket, Badminton",Indoor,No,Yes,10:00 AM – 12:00 AM,"3,200 – 5,600"
Powerplay Turf,DHA Phase 7,"Cricket, Football",Outdoor,No,No,6:00 AM – 12:00 AM,"3,500 – 6,500"
PowerShot Arena,Korangi,Indoor Cricket,Indoor,No,No,4:00 PM – 12:00 AM,"2,200 – 3,800"
PowerZone Gym,Orangi Town,Gym,Indoor,No,Yes,6:00 AM – 10:00 PM,"900 – 1,500"
Premier Padel Club,Scheme 33,Padel,Outdoor,No,No,7:00 AM – 11:00 PM,"4,500 – 7,500"
Premier Padel Courts,Clifton,Padel,Outdoor,No,No,7:00 AM – 10:00 PM,"6,500 – 10,500"
Premier Padel Courts,DHA Phase 5,Padel,Outdoor,No,No,7:00 AM – 11:00 PM,"10,800 – 16,500"
Prestige Padel Courts,DHA Phase 5,Padel,Outdoor,No,No,7:00 AM – 11:00 PM,"10,200 – 15,800"
Prestige Padel Courts,DHA Phase 5,Padel,Outdoor,No,No,7:00 AM – 11:00 PM,"11,000 – 17,000"
Prestige Padel Courts,DHA Phase 5,Padel,Outdoor,No,No,7:00 AM – 11:00 PM,"11,400 – 17,400"
Prestige Padel Courts,DHA Phase 6,Padel,Outdoor,No,No,7:00 AM – 10:00 PM,"12,000 – 18,200"
Prime Cricket Nets,Korangi,Cricket Nets,Outdoor,No,No,6:00 AM – 10:00 PM,"2,000 – 3,200"
Prime Fitness Arena,Korangi,"Gym, Indoor Cricket",Indoor,No,Yes,7:00 AM – 10:00 PM,"3,200 – 4,800"
Prime Fitness Club,Gulshan-e-Iqbal,"Gym, Tennis, Cricket",Indoor/Outdoor,No,Yes,7:00 AM – 10:00 PM,"2,200 – 3,800"
Prime Fitness Courts,North Nazimabad,"Gym, Badminton, TT",Indoor,No,Yes,6:00 AM – 10:00 PM,"700 – 1,500"
Prime Padel Club,DHA Phase 5,Padel,Outdoor,No,No,7:00 AM – 11:00 PM,"7,000 – 11,800"
Prime Play Indoor Arena,Gulshan-e-Maymar,"Indoor Cricket, Gym",Indoor,No,Yes,7:00 AM – 12:00 AM,"7,400 – 11,000"
Prime Sports Club,Gulshan-e-Iqbal,"Cricket, Gym, Padel",Indoor/Outdoor,No,Yes,7:00 AM – 10:00 PM,"2,000 – 3,500"
Prime Sports Dome,DHA Phase 9,"Indoor Cricket, Football",Indoor,No,No,5:00 PM – 2:00 AM,"5,500 – 9,000"
Primefit Gym,Korangi Industrial,Gym,Indoor,No,Yes,6:00 AM – 9:00 PM,"1,800 – 3,000"
PrimeTennis Courts,Clifton,Tennis,Outdoor,No,No,7:00 AM – 10:00 PM,"3,700 – 6,000"
Pro Badminton Academy,PECHS,Badminton,Indoor,No,No,4:00 PM – 9:00 PM,"1,700 – 2,900"
Pro Indoor Sports Arena,Gulshan-e-Maymar,"Indoor Cricket, Gym",Indoor,No,Yes,8:00 AM – 11:00 PM,"7,300 – 10,400"
Pro Padel Courts,DHA Phase 5,Padel,Outdoor,No,No,7:00 AM – 11:00 PM,"10,000 – 15,500"
Pro Play Indoor Arena,Gulshan-e-Maymar,"Indoor Cricket, Gym",Indoor,No,Yes,7:00 AM – 12:00 AM,"7,300 – 10,900"
Pro Shuttle Badminton,PECHS,Badminton,Indoor,No,No,4:00 PM – 9:00 PM,"1,500 – 2,700"
Pro Shuttle Badminton,PECHS,Badminton,Indoor,No,No,4:00 PM – 9:00 PM,"2,000 – 3,200"
Pro Smash Badminton,PECHS,Badminton,Indoor,No,No,4:00 PM – 9:00 PM,"2,200 – 3,400"
ProBowl Cricket Nets,DHA Phase 6,Cricket Nets,Indoor,No,No,6:00 PM – 12:00 AM,"2,100 – 3,500"
ProBowl Nets,Orangi Town,Cricket Nets,Outdoor,No,No,5:00 PM – 11:00 PM,"1,300 – 2,300"
ProBowl Nets,Orangi Town,Cricket Nets,Outdoor,No,No,5:00 PM – 11:00 PM,"1,300 – 2,300"
ProBowl Nets,Orangi Town,Cricket Nets,Outdoor,No,No,5:00 PM – 11:00 PM,"1,400 – 2,400"
ProCourt Padel,PECHS,Padel,Outdoor,No,No,7:00 AM – 10:00 PM,"6,400 – 10,000"
ProEdge Fitness Club,Korangi,"Gym, Badminton",Indoor,No,Yes,6:00 AM – 10:00 PM,"600 – 1,200"
ProEdge Indoor Arena,Gulberg,Indoor Cricket,Indoor,No,Yes,6:00 PM – 1:00 AM,"4,500 – 7,000"
ProGoal Football Turf,Landhi,Football,Outdoor,No,No,6:00 AM – 11:00 PM,"3,400 – 5,500"
ProKick Turf,Gulshan-e-Maymar,"Football, Cricket",Outdoor,No,No,6:00 AM – 12:00 AM,"2,500 – 4,200"
ProLine Cricket Arena,Gulshan-e-Johar,Indoor Cricket,Indoor,No,Yes,5:00 PM – 12:00 AM,"3,400 – 5,800"
ProNet Cricket Nets,Orangi Town,Cricket Nets,Outdoor,No,No,5:00 PM – 11:00 PM,"1,300 – 2,300"
ProServe Badminton,Malir,Badminton,Indoor,No,No,5:00 PM – 11:00 PM,"1,200 – 2,200"
ProServe Courts,Clifton,"Tennis, Padel",Outdoor,No,No,7:00 AM – 10:00 PM,"4,000 – 7,000"
ProServe Table Tennis Club,Saddar,Table Tennis,Indoor,No,No,8:00 AM – 8:00 PM,"800 – 1,500"
ProServe Tennis Courts,Clifton,Tennis,Outdoor,No,No,7:00 AM – 10:00 PM,"3,800 – 6,400"
ProShot Basketball Arena,Gulshan-e-Iqbal,Basketball,Indoor,No,No,5:00 PM – 11:00 PM,"2,500 – 4,200"
ProSpin Table Tennis Club,PECHS,Table Tennis,Indoor,No,No,9:00 AM – 9:00 PM,400 – 900
ProTennis Courts,Clifton,Tennis,Outdoor,No,No,7:00 AM – 10:00 PM,"3,700 – 6,100"
Public Sports Ground,Keamari,"Cricket, Basketball",Outdoor,No,No,6:00 AM – 8:00 PM,0
Pulse Fitness Arena,Gulshan-e-Iqbal,Gym,Indoor,No,Yes,6:00 AM – 10:00 PM,"800 – 1,400"
Pulse Gym,North Nazimabad,Gym,Indoor,No,Yes,6:00 AM – 10:00 PM,"2,200 – 3,500"
Rangers Sports Ground,Korangi Creek,"Cricket, Football",Outdoor,No,No,6:00 AM – 8:00 PM,0
Rapid Indoor Sports,Liaquatabad,Indoor Cricket,Indoor,No,Yes,5:00 PM – 12:00 AM,"3,300 – 5,500"
Rapid Kick Turf,Malir,Football,Outdoor,No,No,6:00 AM – 11:00 PM,"2,400 – 4,000"
Rapid Nets,DHA Phase 7,Cricket Nets,Indoor,No,No,6:00 PM – 1:00 AM,"1,800 – 3,000"
Rapid Swim Academy,Malir Cantt,Swimming Pool,Indoor,Yes,No,6:00 AM – 8:00 PM,"1,800 – 3,200"
RapidFire Cricket Nets,Malir,Cricket Nets,Outdoor,No,No,6:00 AM – 9:00 PM,"1,700 – 2,900"
RapidFire Indoor Cricket,Federal B Area,Indoor Cricket,Indoor,No,Yes,6:00 PM – 1:00 AM,"4,200 – 6,700"
RapidFit Gym,North Karachi,Gym,Indoor,No,Yes,6:00 AM – 10:00 PM,"1,000 – 1,700"
RapidStrike Cricket Arena,North Karachi,Indoor Cricket,Indoor,No,Yes,4:00 PM – 12:00 AM,"3,300 – 5,500"
Red Hawks Football Ground,Korangi,Football,Outdoor,No,No,6:00 AM – 9:00 PM,"0 – 1,600"
Rising Athletes Center,Gulshan-e-Maymar,"Gym, Basketball",Indoor,No,Yes,6:00 AM – 9:00 PM,"600 – 1,200"
Rising Star Cricket Academy,Malir,Cricket Training,Outdoor,No,No,8:00 AM – 7:00 PM,"2,000 – 4,000"
Rising Stars Academy,Korangi,Cricket Training,Outdoor,No,No,7:00 AM – 7:00 PM,"1,200 – 2,500"
Rising Stars Ground,Malir,"Cricket, Football",Outdoor,No,No,6:00 AM – 8:00 PM,0
Rising Talent Academy,New Karachi,Cricket Training,Outdoor,No,No,8:00 AM – 6:00 PM,"1,800 – 3,500"
Riverside Sports Club,Malir,"Cricket, Gym",Outdoor/Indoor,No,Yes,7:00 AM – 9:00 PM,"3,500 – 5,200"
Royal Cricket Arena,DHA Phase 1,Indoor Cricket,Indoor,No,Yes,5:00 PM – 12:00 AM,"3,600 – 6,000"
Royal Fitness & Courts,Bahadurabad,Gym,Table Tennis,Indoor,No,6:00 AM – 10:00 PM,0
Royal Padel Courts,DHA Phase 5,Padel,Outdoor,No,No,7:00 AM – 11:00 PM,"10,500 – 16,000"
Royal Padel Courts,DHA Phase 5,Padel,Outdoor,No,No,7:00 AM – 11:00 PM,"11,600 – 17,600"
Royal Padel Courts,DHA Phase 6,Padel,Outdoor,No,No,7:00 AM – 10:00 PM,"12,000 – 18,500"
Royal Padel Karachi,DHA Phase 6,Padel,Outdoor,No,No,7:00 AM – 11:00 PM,"5,500 – 8,000"
Royal Sports Complex,Saddar,"Cricket, Basketball",Outdoor,No,No,4:00 PM – 10:00 PM,"2,000 – 3,800"
Royal Sports Complex,Clifton,"Cricket, Gym, Tennis",Indoor/Outdoor,No,Yes,7:00 AM – 10:00 PM,"2,200 – 3,700"
RushTurf Landhi,Landhi,Football,Outdoor,No,No,6:00 AM – 11:00 PM,"2,900 – 4,800"
Saddar Cricket Ground,Saddar,Cricket,Outdoor,No,No,6:00 AM – 8:00 PM,"1,000 – 2,000"
Saddar Gymnasium,Saddar,"Gym, Table Tennis",Indoor,No,Yes,7:00 AM – 10:00 PM,"2,800 – 4,200"
Saddar Padel Courts,Saddar,Padel,Outdoor,No,No,7:00 AM – 10:00 PM,6000 - 8000
Saddar Sports Complex,Saddar,"Basketball, Table Tennis, Gym",Indoor/Outdoor,No,Yes,7:30 AM – 9:30 PM,2000 - 5000
Saddar Table Tennis Club,Saddar,Table Tennis,Indoor,No,No,8:00 AM – 8:00 PM,1500 - 3500
Sapphire Swim Club,PECHS,Swimming Pool,Indoor,Yes,No,6:00 AM – 9:00 PM,"1,500 – 2,700"
Scheme 33 Sports Club,Scheme 33,"Cricket, Basketball, Gym, Swimming",Outdoor,Yes,Yes,6:00 AM – 8:00 PM,3000 - 6000
Sea Breeze Cricket Nets,Malir,Cricket Nets,Outdoor,No,No,6:00 AM – 7:00 PM,"1,500 – 2,300"
Sea Breeze Padel,Seaview,Padel,Outdoor,No,No,7:00 AM – 10:00 PM,5500–7500
Seaview Fitness Track,DHA Phase 8,Outdoor Fitness,Outdoor,No,No,Sunrise – Sunset,0
Seaview Sports Zone,Seaview,"Volleyball, Cricket",Outdoor,No,No,6:00 AM – 9:00 PM,0
SeaWave Swim Club,DHA Phase 5,Swimming Pool,Indoor,Yes,No,6:30 AM – 8:30 PM,"1,450 – 2,350"
ServePro TT Club,Nazimabad,Table Tennis,Indoor,No,No,9:00 AM – 9:00 PM,500 – 900
Shah Faisal Sports Club,Shah Faisal Colony,"Cricket, Gym",Outdoor/Indoor,No,Yes,7:00 AM – 9:00 PM,"3,200 – 5,000"
Shaheen Cricket Ground,Shah Faisal Colony,Outdoor Cricket,Outdoor,No,No,6:00 AM – 8:00 PM,0
SheStrong Wellness Studio,PECHS,"Gym, Fitness",Indoor,No,Yes,8:00 AM – 6:00 PM,"750 – 1,350"
Shuttle Ace Club,Saddar,Badminton,Indoor,No,No,4:00 PM – 10:00 PM,"1,700 – 2,900"
Shuttle Champion Club,Saddar,Badminton,Indoor,No,No,4:00 PM – 10:00 PM,"1,800 – 3,000"
Shuttle Elite Club,Saddar,Badminton,Indoor,No,No,4:00 PM – 10:00 PM,"1,900 – 3,100"
Shuttle Elite Club,Saddar,Badminton,Indoor,No,No,4:00 PM – 10:00 PM,"2,200 – 3,400"
Shuttle Kings,Malir,Badminton,Indoor,No,No,4:00 PM – 10:00 PM,"1,200 – 2,000"
Shuttle Master Club,Saddar,Badminton,Indoor,No,No,4:00 PM – 10:00 PM,"2,100 – 3,300"
Shuttle Pro Badminton,Gulshan-e-Iqbal,Badminton,Indoor,No,No,4:00 PM – 9:00 PM,"1,400 – 2,500"
Shuttle Pro Club,Saddar,Badminton,Indoor,No,No,4:00 PM – 10:00 PM,"1,600 – 2,700"
Shuttle Pro Club,Saddar,Badminton,Indoor,No,No,4:00 PM – 10:00 PM,"2,000 – 3,200"
Shuttle Smash Club,Saddar,Badminton,Indoor,No,No,4:00 PM – 10:00 PM,"1,400 – 2,400"
Shuttle Smashers Club,Saddar,Badminton,Indoor,No,No,4:00 PM – 10:00 PM,"1,500 – 2,600"
Shuttle Smashers Club,Saddar,Badminton,Indoor,No,No,4:00 PM – 10:00 PM,"1,600 – 2,800"
ShuttleKing Badminton,PECHS,Badminton,Indoor,No,No,3:00 PM – 10:00 PM,"2,100 – 3,600"
ShuttlePro Club,Saddar,Badminton,Indoor,No,No,4:00 PM – 10:00 PM,"2,300 – 3,500"
ShuttlePro Elite Club,Saddar,Badminton,Indoor,No,No,4:00 PM – 10:00 PM,"2,400 – 3,600"
ShuttleX Badminton Club,Saddar,Badminton,Indoor,No,No,4:00 PM – 10:00 PM,"2,300 – 3,500"
Sindh Olympic Association Complex,Saddar,"Basketball, TT, Gym",Indoor,No,Yes,7:00 AM – 9:00 PM,"500 – 1,500"
Sindh Padel Courts,Saddar,Padel,Outdoor,No,No,7:00 AM – 10:00 PM,6000 - 8000
Sindh Sports Complex,Saddar,"Cricket, Basketball, Swimming, Gym",Indoor/Outdoor,Yes,Yes,7:00 AM – 10:00 PM,2000 - 5000
SkyHigh Fitness & Courts,PECHS,"Gym, Badminton",Indoor,No,Yes,6:00 AM – 11:00 PM,"900 – 1,600"
SkyKick Football Turf,Surjani Town,Football,Outdoor,No,No,5:00 PM – 11:00 PM,"3,000 – 5,000"
Skyline Fitness Arena,Shah Faisal Colony,"Gym, Basketball",Indoor/Outdoor,No,Yes,6:00 AM – 10:00 PM,"600 – 1,300"
Skyline Football Grounds,Landhi,Football,Outdoor,No,No,6:00 AM – 9:00 PM,"0 – 1,000"
Slam Dunk Court,Bahadurabad,Basketball,Outdoor,No,No,4:00 PM – 11:00 PM,"1,800 – 3,000"
Smash Arena,Malir Cantt,Indoor Cricket,Indoor,No,No,4:00 PM – 12:00 AM,"3,000 – 5,000"
Smash Arena,Gulshan-e-Iqbal,Badminton,Indoor,No,No,3:00 PM – 11:00 PM,"1,500 – 2,800"
Smash Arena Indoor,Gulshan-e-Maymar,"Indoor Cricket, Gym",Indoor,No,Yes,7:00 AM – 12:00 AM,"7,100 – 10,700"
Smash Badminton Academy,PECHS,Badminton,Indoor,No,No,4:00 PM – 9:00 PM,"2,100 – 3,300"
Smash Badminton Arena,Gulshan-e-Iqbal,Badminton,Indoor,No,No,4:00 PM – 9:00 PM,"1,300 – 2,400"
Smash Badminton Club,Bufferzone,Badminton,Indoor,No,No,4:00 PM – 11:00 PM,"1,800 – 3,200"
Smash Badminton Club,Saddar,Badminton,Indoor,No,No,4:00 PM – 10:00 PM,"1,300 – 2,200"
Smash Badminton Club,Saddar,Badminton,Indoor,No,No,4:00 PM – 10:00 PM,"1,300 – 2,200"
Smash Hit Indoor Arena,Gulshan-e-Maymar,"Indoor Cricket, Gym",Indoor,No,Yes,7:00 AM – 12:00 AM,"6,900 – 10,400"
Smash Indoor Arena,Gulshan-e-Maymar,"Indoor Cricket, Gym",Indoor,No,Yes,7:00 AM – 12:00 AM,"6,300 – 9,500"
Smash Indoor Cricket,Gulshan-e-Maymar,Indoor Cricket,Indoor,No,Yes,7:00 AM – 12:00 AM,"5,500 – 8,500"
Smash Indoor Sports Arena,Gulshan-e-Maymar,"Indoor Cricket, Gym",Indoor,No,Yes,7:00 AM – 12:00 AM,"6,000 – 9,000"
Smash Indoor Sports Arena,Gulshan-e-Maymar,"Indoor Cricket, Gym",Indoor,No,Yes,7:00 AM – 12:00 AM,"6,000 – 9,000"
Smash It Badminton Academy,PECHS,Badminton,Indoor,No,No,4:00 PM – 9:30 PM,"2,300 – 3,600"
Smash Master Indoor Arena,Gulshan-e-Maymar,"Indoor Cricket, Gym",Indoor,No,Yes,7:00 AM – 12:00 AM,"6,700 – 10,000"
Smash Padel Club,DHA Phase 8,Padel,Outdoor,No,No,7:00 AM – 11:00 PM,"7,000 – 11,500"
Smash Point,PECHS,"Badminton, Table Tennis",Indoor,No,No,3:00 PM – 10:00 PM,"1,200 – 2,200"
Smash Point Padel,DHA Phase 7,Padel,Outdoor,No,No,7:00 AM – 11:00 PM,"7,200 – 12,000"
Smash Pro Indoor Arena,Gulshan-e-Maymar,"Indoor Cricket, Gym",Indoor,No,Yes,7:00 AM – 12:00 AM,"6,800 – 10,200"
Smash Shuttle Club,Saddar,Badminton,Indoor,No,No,4:00 PM – 10:00 PM,"1,400 – 2,300"
Smash Sports Lounge,PECHS Block 2,"Indoor Cricket, TT",Indoor,No,Yes,10:00 AM – 11:00 PM,"2,500 – 4,500"
Smash Table Tennis Hub,Nazimabad,Table Tennis,Indoor,No,No,3:00 PM – 9:00 PM,"600 – 1,100"
Smash TT Academy,Federal B Area,Table Tennis,Indoor,No,No,9:00 AM – 9:00 PM,"700 – 1,400"
Smash Zone Arena,Orangi Town,Indoor Cricket,Indoor,No,No,5:00 PM – 2:00 AM,"2,000 – 3,500"
Smash Zone Indoor Arena,Gulshan-e-Maymar,"Indoor Cricket, Gym",Indoor,No,Yes,7:00 AM – 12:00 AM,"6,500 – 9,800"
SmashBox Sports,North Karachi,Indoor Cricket,Indoor,No,No,5:00 PM – 1:00 AM,"2,000 – 3,500"
SmashCourt Arena,Gulistan-e-Johar,"Badminton, TT",Indoor,No,No,3:00 PM – 10:30 PM,"1,300 – 2,300"
SmashCourt Padel,Gulshan-e-Iqbal,Padel,Outdoor,No,No,7:00 AM – 10:00 PM,"6,400 – 10,400"
SmashPoint Badminton,PECHS,Badminton,Indoor,No,No,3:00 PM – 11:00 PM,"1,700 – 3,000"
SmashPoint Badminton Club,North Nazimabad,Badminton,Indoor,No,No,3:00 PM – 11:00 PM,"1,800 – 3,200"
SmashPoint Badminton Club,PECHS,Badminton,Indoor,No,No,3:00 PM – 9:00 PM,"2,300 – 3,700"
SmashPoint TT Arena,Liaquatabad,Table Tennis,Indoor,No,No,10:00 AM – 9:00 PM,"700 – 1,200"
SmashPro Indoor,Lyari,Indoor Cricket,Indoor,No,No,6:00 PM – 2:00 AM,"2,200 – 3,800"
SmashPro Padel Courts,Clifton Block 9,Padel,Outdoor,No,No,7:00 AM – 10:30 PM,"9,000 – 14,500"
SmashUp Badminton Club,Saddar,Badminton,Indoor,No,No,4:00 PM – 10:00 PM,"2,300 – 3,500"
SmashZone Badminton,PECHS,Badminton,Indoor,No,No,3:00 PM – 10:00 PM,"1,700 – 3,100"
SmashZone Padel,PECHS,Padel,Outdoor,No,No,7:00 AM – 10:00 PM,"6,500 – 10,500"
SmashZone Padel,PECHS Block 2,Padel,Outdoor,No,No,7:00 AM – 10:00 PM,"8,000 – 12,000"
SmashZone Sports Arena,DHA Phase 6,"Indoor Cricket, Badminton",Indoor,No,Yes,4:00 PM – 1:00 AM,"4,000 – 6,800"
Speed Cricket Nets,Korangi,Cricket Nets,Outdoor,No,No,6:00 AM – 8:00 PM,"950 – 1,600"
Spike Volleyball Courts,Gulistan-e-Johar,Volleyball,Outdoor,No,No,5:00 PM – 10:00 PM,"2,100 – 3,500"
Spin & Smash Club,Bahadurabad,"Table Tennis, Badminton",Indoor,No,No,9:00 AM – 10:00 PM,"900 – 1,700"
Spin Table Tennis Club,Gulberg,Table Tennis,Indoor,No,No,4:00 PM – 9:00 PM,"600 – 1,000"
Spin Table Tennis Club,Gulberg,Table Tennis,Indoor,No,No,4:00 PM – 9:00 PM,"700 – 1,100"
Spin Table Tennis Club,Bahadurabad,Table Tennis,Indoor,No,No,9:00 AM – 9:00 PM,"800 – 1,500"
SpinPlay Table Tennis,Gulberg,Table Tennis,Indoor,No,No,4:00 PM – 9:00 PM,"750 – 1,200"
SpinPro Table Tennis,Gulshan-e-Iqbal,Table Tennis,Indoor,No,No,9:00 AM – 9:00 PM,"700 – 1,400"
SpinServe TT Club,Federal B Area,Table Tennis,Indoor,No,No,9:00 AM – 9:00 PM,500 – 900
SpinZone Table Tennis,Gulberg,Table Tennis,Indoor,No,No,4:00 PM – 9:00 PM,"700 – 1,100"
Splash Pool Complex,Malir,Swimming Pool,Outdoor,Yes,No,6:00 AM – 9:00 PM,"2,200 – 3,800"
Splash Swim Academy,Malir,Swimming Pool,Indoor,Yes,No,7:00 AM – 9:00 PM,"3,400 – 5,000"
Splash Swim Academy,Malir,Swimming Pool,Indoor,Yes,No,7:00 AM – 9:00 PM,"3,700 – 5,300"
Splash Zone Pool,Gulberg,Swimming Pool,Indoor,Yes,No,6:00 AM – 9:00 PM,"1,000 – 1,700"
SplashPoint Pool,FB Area,Swimming Pool,Indoor,Yes,No,6:00 AM – 9:00 PM,"900 – 1,500"
SplashPool Facility,Gulshan-e-Johar,Swimming Pool,Indoor,Yes,No,6:00 AM – 9:00 PM,"1,600 – 2,600"
SplashPool Swimming,Gulshan-e-Johar,Swimming Pool,Indoor,Yes,No,6:00 AM – 9:00 PM,"1,400 – 2,400"
SplashZone Pool,DHA Phase 5,Swimming Pool,Indoor,Yes,No,6:00 AM – 9:00 PM,"1,400 – 2,400"
SplashZone Pool,Gulshan-e-Johar,Swimming Pool,Indoor,Yes,No,6:00 AM – 9:00 PM,"1,500 – 2,500"
SplashZone Swim Academy,Gulshan-e-Iqbal,Swimming Pool,Indoor,Yes,No,6:00 AM – 8:00 PM,"1,300 – 2,100"
SportsArena Turf,Surjani Town,"Football, Cricket",Outdoor,No,No,6:00 AM – 12:00 AM,"2,700 – 4,700"
SportsHub Karachi,Gulshan-e-Hadeed,"Cricket, Football",Outdoor,No,No,6:00 AM – 10:00 PM,"2,200 – 3,800"
Sportswing,Gulshan,"Indoor Cricket, Padel",Indoor,No,No,10:00 AM – 12:00 AM,3500 - 6000
SportsZone Indoor Arena,Gulshan-e-Maymar,"Indoor Cricket, Gym",Indoor,No,Yes,8:00 AM – 11:00 PM,"7,200 – 10,300"
Sprint Cricket Nets,Landhi,Cricket Nets,Outdoor,No,No,6:00 AM – 10:00 PM,"2,200 – 3,800"
Sprint Sports Complex,Nazimabad,"Cricket, Basketball",Outdoor,No,No,7:00 AM – 9:00 PM,"0 – 1,000"
Stadium View Sports,Clifton,Cricket,Futsal,Yes,No,6:00 AM – 12:00 AM,0
Steel Gym,SITE Area,Gym,Indoor,No,Yes,6:00 AM – 10:00 PM,"1,000 – 1,700"
SteelFit Gym,SITE Area,Gym,Indoor,No,Yes,6:00 AM – 10:00 PM,"1,000 – 1,800"
SteelZone Gym,Korangi Industrial,Gym,Indoor,No,Yes,6:00 AM – 9:00 PM,"1,200 – 2,000"
Storm Cricket Nets,Landhi,Cricket Nets,Outdoor,No,No,6:00 AM – 8:00 PM,"1,200 – 2,000"
Street Goalz,Nazimabad,Futsal,Outdoor,No,No,5:00 PM – 1:00 AM,"2,800 – 4,500"
StreetPro Cricket Nets,Orangi Town,Cricket Nets,Outdoor,No,No,6:00 AM – 8:00 PM,"1,200 – 2,200"
StrengthFit Gym,Korangi Industrial,Gym,Indoor,No,Yes,6:00 AM – 9:00 PM,"2,500 – 3,800"
Strike Cricket Arena,North Karachi,Indoor Cricket,Indoor,No,Yes,4:00 PM – 12:00 AM,"3,000 – 5,200"
Strike Turf,Landhi,Football,Outdoor,No,No,6:00 AM – 11:00 PM,"2,700 – 4,400"
Strike Zone Arena,DHA Phase 4,"Indoor Cricket, Bowling Nets",Indoor,No,No,4:00 PM – 2:00 AM,"2,800 – 4,500"
Strike Zone Nets,Korangi,Cricket Nets,Outdoor,No,No,5:00 PM – 12:00 AM,"1,800 – 3,000"
StrikeFast Cricket Arena,North Karachi,Indoor Cricket,Indoor,No,Yes,4:00 PM – 12:00 AM,"3,200 – 5,400"
StrikeNet Cricket Nets,Orangi Town,Cricket Nets,Outdoor,No,No,5:00 PM – 11:00 PM,"1,800 – 2,900"
StrikePro Cricket Nets,DHA Phase 6,Cricket Nets,Indoor,No,No,6:00 PM – 12:00 AM,"2,500 – 4,000"
StrikeZone Nets,Gulshan-e-Maymar,Cricket Nets,Outdoor,No,No,6:00 AM – 8:00 PM,"1,200 – 2,000"
StrongBody Gym,Baldia,Gym,Indoor,No,Yes,6:00 AM – 10:00 PM,"550 – 1,000"
StrongCore Gym,Shahrah-e-Faisal,Gym,Indoor,No,Yes,6:00 AM – 11:00 PM,"1,500 – 2,500"
StrongFit Gym,Baldia,Gym,Indoor,No,Yes,6:00 AM – 10:00 PM,500 – 900
StrongHold Fitness,Clifton,Gym,Indoor,No,Yes,6:00 AM – 11:00 PM,"1,500 – 2,600"
Stronghold Gym,Korangi Industrial,Gym,Indoor,No,Yes,6:00 AM – 9:00 PM,"1,400 – 2,500"
Stronghold Gym,North Nazimabad,Gym,Indoor,No,Yes,6:00 AM – 10:00 PM,"2,100 – 3,400"
StrongMan Gym,Baldia,Gym,Indoor,No,Yes,6:00 AM – 10:00 PM,500 – 900
StrongMan Gym,Baldia,Gym,Indoor,No,Yes,6:00 AM – 10:00 PM,500 – 900
Summit Sports Club,Gulshan-e-Iqbal,"Cricket, Gym, Tennis",Indoor/Outdoor,No,Yes,7:00 AM – 10:00 PM,"2,800 – 4,600"
Sunrise Football Field,Landhi,Football,Outdoor,No,No,6:00 AM – 8:00 PM,"0 – 1,500"
Sunrise Sports Club,Gulshan-e-Iqbal,"Basketball, Gym",Indoor/Outdoor,No,Yes,6:00 AM – 10:00 PM,"2,000 – 3,500"
Supreme Cricket Nets,Korangi,Cricket Nets,Outdoor,No,No,6:00 AM – 9:00 PM,"2,400 – 4,000"
Supreme Padel Courts,PECHS,Padel,Outdoor,No,No,7:00 AM – 10:00 PM,"6,200 – 9,900"
Swim & Fit Club,Saddar,Swimming Pool,Gym,Ind,Yes,6:00 AM – 9:00 PM,0
SwimFit Pool,DHA Phase 5,Swimming Pool,Indoor,Yes,No,6:00 AM – 9:00 PM,"1,500 – 2,500"
SwimRight Academy,Gulberg,Swimming Pool,Indoor,Yes,No,6:00 AM – 8:30 PM,"1,700 – 3,100"
SwimZone Academy,PECHS,Swimming Pool,Indoor,Yes,No,6:00 AM – 9:00 PM,"1,200 – 2,000"
Table Tennis Masters,Saddar,Table Tennis,Indoor,No,No,3:00 PM – 8:00 PM,"600 – 1,200"
TableSpin TT,Gulberg,Table Tennis,Indoor,No,No,4:00 PM – 9:00 PM,"850 – 1,350"
TableSpin TT Club,Gulberg,Table Tennis,Indoor,No,No,4:00 PM – 9:00 PM,"900 – 1,400"
Team Spirit Arena,North Nazimabad,Indoor Cricket,Indoor,Indoor,No,10:00 AM – 11:00 PM,0
TennisAce Courts,Clifton,Tennis,Outdoor,No,No,7:00 AM – 10:00 PM,"3,900 – 6,400"
TennisPro Club,Clifton,Tennis,Outdoor,No,No,7:00 AM – 10:00 PM,"4,000 – 6,500"
The Arena Sports Club,Clifton,"Padel, Tennis, Gym",Indoor/Outdoor,No,Yes,8:00 AM – 11:00 PM,6000 - 8500
The Badminton Factory,Federal B Area,Badminton,Indoor,No,No,4:00 PM – 10:00 PM,"1,100 – 2,000"
The Cage Arena,Clifton,Indoor Cricket,Indoor,No,No,6:00 PM – 3:00 AM,"3,500 – 6,000"
The Cage Sports Arena,Korangi,Indoor Cricket,Indoor,No,Yes,4:00 PM – 12:00 AM,"3,400 – 5,600"
The Padel Club,DHA Phase 6,Padel,Outdoor,No,No,7:00 AM – 11:00 PM,"9,000 – 14,000"
The Pavilion Arena,DHA Phase 8,"Indoor Cricket, Futsal",Indoor,No,No,4:00 PM – 2:00 AM,"4,000 – 6,500"
The Pavilion Sports,DHA Phase 6,"Cricket, Football",Outdoor,No,No,6:00 AM – 1:00 AM,"3,000 – 6,000"
Thunder Cricket Arena,North Karachi,Indoor Cricket,Indoor,No,No,4:00 PM – 12:00 AM,"2,800 – 4,700"
Thunder Cricket Nets,Malir,Cricket Nets,Outdoor,No,No,6:00 AM – 9:00 PM,"1,800 – 3,000"
Thunder Cricket Nets,Landhi,Cricket Nets,Outdoor,No,No,6:00 AM – 8:00 PM,"900 – 1,600"
Thunder Cricket Nets,Landhi,Cricket Nets,Outdoor,No,No,6:00 AM – 8:00 PM,"900 – 1,500"
Thunder Cricket Nets,Landhi,Cricket Nets,Outdoor,No,No,6:00 AM – 8:00 PM,"1,100 – 1,700"
Thunder Cricket Nets,Landhi,Cricket Nets,Outdoor,No,No,6:00 AM – 8:00 PM,"1,300 – 2,100"
Thunder Football Ground,Korangi,Football,Outdoor,No,No,6:00 AM – 9:00 PM,"Free – 1,700"
Thunderbolt Cricket Nets,Landhi,Cricket Nets,Outdoor,No,No,6:00 AM – 8:00 PM,"1,100 – 1,800"
ThunderNet Cricket Nets,Malir,Cricket Nets,Outdoor,No,No,6:00 AM – 9:00 PM,"1,900 – 3,100"
ThunderNets Cricket,Malir,Cricket Nets,Outdoor,No,No,6:00 AM – 9:00 PM,"2,000 – 3,200"
Titan Fitness,North Karachi,Gym,Indoor,No,Yes,6:00 AM – 11:00 PM,"1,100 – 2,000"
Titan Fitness Hub,Korangi,"Gym, Indoor Cricket",Indoor,No,Yes,7:00 AM – 10:00 PM,"3,100 – 4,700"
Titan Gym,North Nazimabad,Gym,Indoor,No,Yes,6:00 AM – 10:00 PM,"1,600 – 2,900"
Titan Gym,North Nazimabad,Gym,Indoor,No,Yes,6:00 AM – 10:00 PM,"2,300 – 3,600"
Titan Strength Gym,North Nazimabad,Gym,Indoor,No,Yes,6:00 AM – 11:00 PM,"600 – 1,200"
Titan Strength Gym,Landhi,Gym,Indoor,No,Yes,6:00 AM – 10:00 PM,"600 – 1,100"
Titan Strength Gym,North Nazimabad,Gym,Indoor,No,Yes,6:00 AM – 10:30 PM,"1,400 – 2,400"
TopSpin TT Center,Gulshan-e-Johar,Table Tennis,Indoor,No,No,9:00 AM – 9:00 PM,"800 – 1,500"
Turbo Indoor Arena,Liaquatabad,Indoor Cricket,Indoor,No,Yes,5:00 PM – 12:00 AM,"3,300 – 5,500"
Turbo Sports Arena,Nazimabad,Indoor Cricket,Indoor,No,Yes,5:00 PM – 12:00 AM,"3,200 – 5,400"
Turf Central,Gulistan-e-Johar,"Football, Cricket",Outdoor,No,No,6:00 AM – 12:00 AM,"2,700 – 4,600"
Turf Eleven,Safoora Chowrangi,"Football, Cricket",Outdoor,No,No,6:00 AM – 1:00 AM,"2,800 – 4,800"
Turf Kings Arena,Gulshan Block 13D,Indoor Cricket,Indoor,No,Yes,6:00 PM – 1:30 AM,"4,800 – 7,800"
Turf Masters,Baldia Town,"Cricket, Football",Outdoor,No,No,6:00 AM – 12:00 AM,"2,500 – 4,500"
Turf Nation,Landhi,"Cricket, Football",Outdoor,No,No,6:00 AM – 12:00 AM,"2,800 – 5,000"
Turf Prime,DHA Phase 9,"Football, Cricket",Outdoor,No,No,6:00 AM – 1:00 AM,"3,000 – 5,200"
Turf Town Karachi,Gulistan-e-Jauhar,"Cricket, Football",Outdoor,No,No,6:00 AM – 2:00 AM,"2,500 – 5,000"
Turf X,Korangi Creek,"Cricket, Football",Outdoor,No,No,6:00 AM – 12:00 AM,"3,000 – 5,500"
Turf Xtreme,DHA Phase 8,"Football, Cricket",Outdoor,No,No,6:00 AM – 1:00 AM,"3,200 – 5,800"
Turf Xtreme,DHA Phase 8,"Football, Cricket",Outdoor,No,No,6:00 AM – 1:00 AM,"3,200 – 5,800"
TurfElite,DHA Phase 8,"Football, Cricket",Outdoor,No,No,6:00 AM – 1:00 AM,"3,200 – 5,800"
TurfX Football Arena,North Nazimabad,Football,Outdoor,No,No,5:00 PM – 11:30 PM,"3,200 – 5,200"
TurfZone Karachi,Surjani Town,"Cricket, Football",Outdoor,No,No,6:00 AM – 12:00 AM,"2,700 – 4,700"
TurfZone Korangi,Korangi,"Football, Cricket",Outdoor,No,No,6:00 AM – 11:30 PM,"2,700 – 4,700"
UltraFit Gym,North Nazimabad,Gym,Indoor,No,Yes,6:00 AM – 10:00 PM,"2,500 – 3,800"
United Bank Limited Sports Complex,Karachi,"Cricket, Basketball, Tennis, Table Tennis",Indoor/Outdoor,No,No,9:00 AM – 8:00 PM,5000 - 7500
United Football Ground,Landhi,Football,Outdoor,No,No,6:00 AM – 8:00 PM,"0 – 1,700"
Unity Cricket Nets,Lyari,Cricket Nets,Outdoor,No,No,6:00 AM – 8:00 PM,"1,300 – 2,300"
Unity Sports Club,Landhi,"Cricket, Gym",Indoor/Outdoor,No,Yes,7:00 AM – 9:00 PM,"1,400 – 2,400"
Unity Sports Club,Nazimabad,"Cricket, Basketball",Outdoor,No,No,6:00 AM – 8:00 PM,"0 – 1,400"
Unity Sports Complex,Baldia Town,"Cricket, Football",Outdoor,No,No,6:00 AM – 10:00 PM,"2,000 – 3,500"
Unity Sports Complex,Nazimabad,"Cricket, Basketball",Outdoor,No,No,6:00 AM – 8:00 PM,"0 – 1,300"
Unity Sports Complex,Nazimabad,"Cricket, Basketball",Outdoor,No,No,6:00 AM – 8:00 PM,"0 – 1,300"
Unity Sports Complex,Nazimabad,"Cricket, Basketball",Outdoor,No,No,6:00 AM – 8:00 PM,"0 – 1,700"
Unity Sports Complex,Nazimabad,"Cricket, Basketball",Outdoor,No,No,6:00 AM – 8:00 PM,"0 – 1,900"
Unity Sports Complex,Nazimabad,"Cricket, Basketball",Outdoor,No,No,6:00 AM – 8:00 PM,"0 – 2,000"
Unity Sports Ground,Orangi Town,"Cricket, Basketball",Outdoor,No,No,6:00 AM – 8:00 PM,0
Unity Sports Ground,Nazimabad,"Cricket, Basketball",Outdoor,No,No,6:00 AM – 8:00 PM,"0 – 1,500"
University Badminton,University Rd,Badminton,Indoor,No,No,9:00 AM – 8:00 PM,0
University Badminton,University Rd,Badminton,Indoor,No,No,9:00 AM – 8:00 PM,0
University Badminton,University Rd,Badminton,Indoor,No,No,9:00 AM – 8:00 PM,0
University Badminton,University Rd,Badminton,Indoor,No,No,9:00 AM – 8:00 PM,0
University Football,University Rd,Football,Outdoor,No,No,8:00 AM – 8:00 PM,0
University Football Field,University Rd,Football,Outdoor,No,No,8:00 AM – 8:00 PM,0
University Gym & Courts,University Rd,"Gym, Indoor Cricket, Tennis",Indoor,No,Yes,8:00 AM – 9:00 PM,0
University Gymnasium,University Rd,"Gym, Indoor Cricket",Indoor,No,Yes,8:00 AM – 9:00 PM,Membership
University of Karachi Gym,University Rd,"Gym, Table Tennis, Indoor Cricket",Indoor,No,Yes,9:00 AM – 9:00 PM,1500 - 3500
University of Karachi Gym & Pool,University Rd,Gym,Swimming Pool,Indoor,Yes,6:00 AM – 9:00 PM,0
University of Karachi Indoor Stadium,University Rd,"Indoor Cricket, Table Tennis, Gym",Indoor,No,Yes,8:00 AM – 9:00 PM,1500 - 3500
University of Karachi Sports Complex,University Rd,"Cricket, Football, Gym, Table Tennis",Outdoor,No,Yes,8:00 AM – 7:00 PM,1500 - 3500
University Sports Club,University Rd,"Cricket, Gym, Swimming",Indoor/Outdoor,Yes,Yes,8:00 AM – 9:00 PM,1500 - 3500
University Sports Complex,University Rd,Multiple sports,Indoor/Outdoor,Yes,Yes,8:00 AM – 9:00 PM,0
University Sports Grounds,University Rd,"Cricket, Football, Gym",Outdoor,No,Yes,8:00 AM – 8:00 PM,1500 - 3500
University Sports Hall,University Rd,"Indoor Cricket, Gym",Indoor,No,Yes,9:00 AM – 9:00 PM,1500 - 3500
University Swimming Pool,University Rd,"Swimming Pool, Gym",Indoor,Yes,Yes,7:00 AM – 9:00 PM,Membership 
University Swimming Pool,University Rd,"Swimming Pool, Gym",Indoor,Yes,Yes,7:00 AM – 9:00 PM,0
University Tennis Courts,University Rd,Tennis,Outdoor,No,No,8:00 AM – 8:00 PM,0
University Volleyball,University Rd,Volleyball,Outdoor,No,No,8:00 AM – 8:00 PM,0
Urban Cricket Hub,Gulshan-e-Iqbal,"Cricket Nets, Gym",Indoor/Outdoor,No,Yes,7:00 AM – 9:00 PM,"1,800 – 3,000"
Urban Kickoff,PECHS Block 2,Futsal,Indoor,No,No,3:00 PM – 1:00 AM,"3,500 – 5,500"
Urban Padel Club,Clifton Block 4,Padel,Outdoor,No,No,7:00 AM – 11:00 PM,"7,500 – 12,500"
Urban Padel Courts,PECHS,Padel,Outdoor,No,No,7:00 AM – 10:00 PM,"6,500 – 10,500"
Urban Sports Arena,DHA Phase 3,"Indoor Cricket, Futsal",Indoor,No,No,4:00 PM – 1:00 AM,"2,800 – 4,800"
Urban Sports Arena,Gulshan-e-Maymar,"Indoor Cricket, Gym",Indoor,No,Yes,8:00 AM – 11:00 PM,"7,200 – 10,300"
Urban Turf Karachi,Gulistan-e-Jauhar,"Cricket, Football",Outdoor,No,No,6:00 AM – 1:00 AM,"3,000 – 5,500"
UrbanFit Gym,Gulshan-e-Iqbal,Gym,Indoor,No,Yes,6:00 AM – 10:00 PM,"1,000 – 1,800"
UrbanFootball Turf,Landhi,Football,Outdoor,No,No,6:00 AM – 11:00 PM,"3,100 – 5,100"
UrbanKick Soccer Turf,Landhi,Football,Outdoor,No,No,6:00 AM – 11:00 PM,"3,300 – 5,300"
UrbanSoccer Turf,Landhi,Football,Outdoor,No,No,6:00 AM – 11:00 PM,"3,200 – 5,200"
Velocity Gym,North Nazimabad,Gym,Indoor,No,Yes,6:00 AM – 10:00 PM,"1,100 – 1,900"
Velocity Gym,North Nazimabad,Gym,Indoor,No,Yes,6:00 AM – 10:00 PM,"1,700 – 3,000"
Velocity Indoor Arena,Gulberg,"Indoor Cricket, Futsal",Indoor,No,No,4:00 PM – 1:00 AM,"2,800 – 4,800"
Velocity Sports Arena,Korangi,"Indoor Cricket, Gym",Indoor,No,Yes,8:00 AM – 11:00 PM,"6,500 – 9,000"
Velocity Sports Hub,Shahrah-e-Faisal,"Indoor Cricket, Gym",Indoor,No,Yes,10:00 AM – 11:00 PM,"3,000 – 5,000"
Velocity Sports Hub,Clifton,"Indoor Cricket, Futsal",Indoor,No,No,5:00 PM – 1:00 AM,"2,700 – 4,500"
Victory Cricket Nets,Baldia Town,Cricket Nets,Outdoor,No,No,6:00 AM – 10:00 PM,"1,500 – 3,000"
Victory Cricket Nets,Surjani Town,Cricket Nets,Outdoor,No,No,6:00 AM – 9:00 PM,"1,500 – 2,800"
Victory Cricket Nets,Korangi,Cricket Nets,Outdoor,No,No,6:00 AM – 9:00 PM,"2,100 – 3,600"
Victory Cricket Nets,Surjani Town,Cricket Nets,Outdoor,No,No,6:00 AM – 7:00 PM,"900 – 1,600"
Victory Football Ground,Korangi,Football,Outdoor,No,No,6:00 AM – 9:00 PM,"0 – 1,100"
Victory Football Ground,Korangi,Football,Outdoor,No,No,6:00 AM – 9:00 PM,"0 – 1,200"
Victory Football Ground,Korangi,Football,Outdoor,No,No,6:00 AM – 9:00 PM,"0 – 1,500"
Victory Sports Club,Clifton,"Indoor Cricket, Futsal",Indoor,No,Yes,6:00 AM – 11:00 PM,"2,800 – 4,900"
Victory Sports Club,PECHS,"Cricket, Gym, Tennis",Indoor/Outdoor,No,Yes,7:00 AM – 10:00 PM,"2,000 – 3,800"
Victory Sports Club,Gulshan-e-Iqbal,"Cricket, Gym, Tennis",Indoor/Outdoor,No,Yes,7:00 AM – 10:00 PM,"2,700 – 4,500"
Victory Sports Ground,Nazimabad,"Cricket, Basketball",Outdoor,No,No,6:00 AM – 8:00 PM,"0 – 1,200"
Victory Youth Academy,Baldia Town,Cricket Training,Outdoor,No,No,8:00 AM – 6:00 PM,"1,500 – 3,000"
VolleyKing Court,Gulistan-e-Johar,Volleyball,Outdoor,No,No,5:00 PM – 10:00 PM,"1,600 – 2,900"
VolleyMax Court,North Karachi,Volleyball,Outdoor,No,No,5:00 PM – 10:00 PM,"1,200 – 2,200"
VolleyMax Court,Gulistan-e-Johar,Volleyball,Outdoor,No,No,5:00 PM – 10:00 PM,"1,400 – 2,500"
VolleyMax Courts,Gulistan-e-Johar,Volleyball,Outdoor,No,No,5:00 PM – 10:00 PM,"1,800 – 3,100"
VolleyPro Court,Gulistan-e-Johar,Volleyball,Outdoor,No,No,5:00 PM – 10:00 PM,"1,200 – 2,000"
VolleyPro Court,Gulistan-e-Johar,Volleyball,Outdoor,No,No,5:00 PM – 10:00 PM,"1,300 – 2,300"
VolleyPro Court,Gulistan-e-Johar,Volleyball,Outdoor,No,No,5:00 PM – 10:00 PM,"1,700 – 2,900"
VolleyPro Courts,Gulistan-e-Johar,Volleyball,Outdoor,No,No,5:00 PM – 10:00 PM,"2,000 – 3,400"
VolleyZone Court,Gulistan-e-Johar,Volleyball,Outdoor,No,No,5:00 PM – 10:00 PM,"1,300 – 2,400"
WaterWorld Swim Club,North Karachi,Swimming Pool,Outdoor,Yes,No,7:00 AM – 7:00 PM,"1,200 – 2,200"
Wave Aqua Club,Clifton,"Swimming Pool, Gym",Indoor,Yes,Yes,6:00 AM – 10:00 PM,"2,000 – 3,500"
Wave Crest Swim Academy,Malir,Swimming Pool,Indoor,Yes,No,7:00 AM – 9:00 PM,"3,100 – 4,700"
Wave Rider Swim Academy,Malir,Swimming Pool,Indoor,Yes,No,7:00 AM – 9:00 PM,"3,000 – 4,500"
Wave Rider Swim Academy,Malir,Swimming Pool,Indoor,Yes,No,7:00 AM – 9:00 PM,"3,200 – 4,800"
Wave Riders Pool,DHA Phase 4,Swimming Pool,Outdoor,Yes,No,6:00 AM – 8:00 PM,"1,500 – 2,500"
Wave Splash Swim Academy,Malir,Swimming Pool,Indoor,Yes,No,7:00 AM – 9:00 PM,"3,300 – 4,900"
Wave Swim Academy,Malir,Swimming Pool,Indoor,Yes,No,7:00 AM – 9:00 PM,"2,800 – 4,300"
Wave Swim Center,Clifton,Swimming Pool,Indoor,Yes,No,6:00 AM – 9:00 PM,"4,600 – 6,800"
WaveLine Aquatics,Clifton,Swimming Pool,Indoor,Yes,No,6:00 AM – 9:00 PM,"2,200 – 3,800"
WaveLine Swim Academy,Gulshan-e-Iqbal,Swimming Pool,Indoor,Yes,No,6:00 AM – 9:00 PM,"1,400 – 2,600"
Windsor Sports Club,Gulshan-e-Hadeed,Cricket,Tennis,No,Yes,7:00 AM – 9:00 PM,1000–2500
Women Sports Complex,Gulshan-e-Iqbal,"Swimming, Gym, Courts",Indoor/Outdoor,Yes,Yes,10:00 AM – 6:00 PM,1500 - 3500
Young Talent Academy,Shah Faisal Colony,Cricket Training,Outdoor,No,No,8:00 AM – 6:00 PM,"1,600 – 3,200"
Youngsters Cricket Nets,Orangi Town,Cricket Nets,Outdoor,No,No,6:00 AM – 8:00 PM,"1,500 – 2,500"
Zenith Fitness Gym,North Nazimabad,Gym,Indoor,No,Yes,6:00 AM – 10:00 PM,"1,400 – 2,600"
Zenith Gym,North Nazimabad,Gym,Indoor,No,Yes,6:00 AM – 10:00 PM,"1,400 – 2,300"
Zenith Turf Ground,Korangi,"Football, Cricket",Outdoor,No,No,6:00 AM – 11:00 PM,"2,400 – 4,200"
City Swimming Pool,Surjani Town,Swimming Pool,Indoor/Outdoor,Yes,No,6:00 AM – 10:00 PM,500 - 2000 
Xtreme Padel Court,Mehmoodabad,Padel Court,Outdoor,No,No,6:00 AM – 10:00 PM,2000 - 4000
Xtreme Basketball,DHA Phase 4,Basketball,Outdoor,No,No,6:00 AM – 10:00 PM,4000 - 8000
Dynamic Badminton,Korangi Industrial,Badminton,Indoor,No,No,4:00 PM – 1:00 AM,3000 - 15000
Peak Football Ground,FB Area Block 15,Football,Outdoor,No,No,7:00 AM – 11:00 PM,2000 - 4000
Mega Swimming Pool,Bahadurabad,Swimming Pool,Indoor/Outdoor,Yes,No,4:00 PM – 1:00 AM,500 - 2000
Peak Football Ground,North Nazimabad L,Football,Outdoor,No,No,24 Hours,4000 - 8000
Smart Padel Court,North Nazimabad H,Padel Court,Outdoor,No,No,24 Hours,3000 - 6000
Royal Swimming Pool,Gulshan Block 1,Swimming Pool,Indoor/Outdoor,Yes,No,6:00 AM – 10:00 PM,3000 - 15000
Pro Basketball,Gulistan-e-Johar 15,Basketball,Outdoor,No,No,6:00 AM – 10:00 PM,2000 - 4000
Royal Futsal Arena,Korangi Industrial,Futsal,Outdoor,No,No,7:00 AM – 11:00 PM,3000 - 6000
Elite Futsal Arena,PECHS Block 3,Futsal,Outdoor,No,No,6:00 AM – 10:00 PM,4000 - 8000
Peak Gym,Clifton Block 5,Gym,Indoor,No,Yes,7:00 AM – 11:00 PM,500 - 2000
Active Football,DHA Phase 2,Football,Outdoor,No,No,24 Hours,3000 - 6000
Elite Futsal Arena,DHA Phase 1,Futsal,Outdoor,No,No,7:00 AM – 11:00 PM,3000 - 6000
City Futsal Arena,Steel Town,Futsal,Outdoor,No,No,6:00 AM – 10:00 PM,2000 - 4000
Dynamic Table Tennis,Gulshan Block 10,Table Tennis,Indoor,No,No,6:00 AM – 10:00 PM,3000 - 15000
Xtreme Futsal Arena,DHA Phase 2,Futsal,Outdoor,No,No,6:00 AM – 10:00 PM,3000 - 6000
Mega Tennis Court,DHA Phase 2,Tennis,Outdoor,No,No,4:00 PM – 1:00 AM,3000 - 6000
Ultimate Gym,Saddar,Gym,Indoor,No,Yes,24 Hours,3000 - 15000
City Basketball,DHA Phase 6,Basketball,Outdoor,No,No,4:00 PM – 1:00 AM,2000 - 4000
Peak Cricket Academy,KDA Scheme 1,Cricket,Outdoor,No,No,24 Hours,3000 - 15000
Global Football,Clifton Block 5,Football,Outdoor,No,No,4:00 PM – 1:00 AM,4000 - 8000
City Table Tennis,DHA Phase 1,Table Tennis,Indoor,No,No,24 Hours,500 - 2000
Active Tennis Court,Clifton Block 2,Tennis,Outdoor,No,No,6:00 AM – 10:00 PM,2000 - 4000
Dynamic Table Tennis,DHA Phase 2,Table Tennis,Indoor,No,No,7:00 AM – 11:00 PM,3000 - 15000 
Smart Table Tennis,Malir Cantt,Table Tennis,Indoor,No,No,24 Hours,3000 - 15000 
Royal Tennis Court,Naval Colony,Tennis,Outdoor,No,No,24 Hours,3000 - 6000
Global Padel Court,Clifton Block 4,Padel Court,Outdoor,No,No,4:00 PM – 1:00 AM,2000 - 4000 
City Gym,North Karachi 11,Gym,Indoor,No,Yes,4:00 PM – 1:00 AM,3000 - 15000 
Ace Padel Court,Clifton Block 4,Padel Court,Outdoor,No,No,7:00 AM – 11:00 PM,4000 - 8000
Ace Basketball Court,Clifton Block 9,Basketball,Outdoor,No,No,24 Hours,2000 - 4000 
Peak Table Tennis,North Nazimabad L,Table Tennis,Indoor,No,No,7:00 AM – 11:00 PM,500 - 2000 
Smart Padel Court,Sindhi Muslim,Padel Court,Outdoor,No,No,7:00 AM – 11:00 PM,2000 - 4000 
Peak Table Tennis,Mehmoodabad,Table Tennis,Indoor,No,No,6:00 AM – 10:00 PM,500 - 2000 
Smart Football,North Karachi 11,Football,Outdoor,No,No,4:00 PM – 1:00 AM,4000 - 8000 
Mega Tennis Court,PECHS Block 3,Tennis,Outdoor,No,No,7:00 AM – 11:00 PM,4000 - 8000 
City Table Tennis,Liaquatabad,Table Tennis,Indoor,No,No,7:00 AM – 11:00 PM,3000 - 15000 
Royal Padel Court,Clifton Block 2,Padel Court,Outdoor,No,No,24 Hours,4000 - 8000
Xtreme Basketball,DHA Phase 5,Basketball,Outdoor,No,No,24 Hours,3000 - 6000 
Ace Basketball Court,Defence View,Basketball,Outdoor,No,No,7:00 AM – 11:00 PM,3000 - 6000 
Swift Basketball,Gulshan Block 10,Basketball,Outdoor,No,No,6:00 AM – 10:00 PM,2000 - 4000 
Ultimate Table Tennis,Clifton Block 2,Table Tennis,Indoor,No,No,7:00 AM – 11:00 PM,3000 - 15000
Ace Football Ground,Saddar,Football,Outdoor,No,No,7:00 AM – 11:00 PM,3000 - 6000 
Royal Cricket Academy,PECHS Block 2,Cricket,Outdoor,No,No,24 Hours,500 - 2000 
Mega Badminton Club,FB Area Block 6,Badminton,Indoor,No,No,7:00 AM – 11:00 PM,500 - 2000
Xtreme Cricket,Sindhi Muslim,Cricket,Outdoor,No,No,24 Hours,3000 - 15000 
Mega Table Tennis,PNS Karsaz,Table Tennis,Indoor,No,No,24 Hours,500 - 2000 
Swift Football,Garden East,Football,Outdoor,No,No,24 Hours,3000 - 6000
Mega Gym,North Nazimabad L,Gym,Indoor,No,Yes,7:00 AM – 11:00 PM,500 - 2000
Smash X KDA,KDA Scheme 1,"Padel, Pickleball",Outdoor,No,No,7:00 AM – 4:00 AM,"4,500 - 7,500"
Padelverse,Clifton Block 13,Padel,Indoor,No,No,24 Hours,"5,000 - 8,000"
Matchbox Padel,Malir Cantt,Padel,Outdoor,No,No,4:00 PM – 1:00 AM,"6,000 - 8,000"
Viva Padel,DHA Phase 8,Padel,Outdoor,No,No,7:00 AM – 2:00 AM,"7,000"
Ignite Sports Pavilion,Gulshan-e-Iqbal,"Futsal, Padel",Outdoor,No,No,6:00 AM – 8:00 PM,"6,500"
DA Sunset Club,DHA Phase 2,"Swimming, Tennis, Gym",Mixed,Yes,Yes,7:00 AM – 10:00 PM,600
Velocity X,DHA Phase 6,"Gym, MMA, Fitness",Indoor,No,Yes,6:00 AM – 12:00 AM,"16,000"
Aga Khan Sports Centre,Stadium Road,"Swimming, Football, Basketball",Mixed,Yes,Yes,7:00 AM – 11:00 PM,Membership Based
Urban Turf,DHA Phase 8,"Futsal, Cricket",Outdoor,No,No,24 Hours,"3,000 - 5,000"
Futsalrange DHA,DHA Phase 6,"Futsal, Cricket",Indoor,No,No,24 Hours,"4,000 - 6,000"
Shapes Health Club,Old Clifton,"Gym, Swimming, Squash",Mixed,Yes,Yes,6:00 AM – 10:00 PM,"12,000"
Aram Bagh Court,Saddar,Basketball,Outdoor,No,No,4:00 PM – 10:00 PM,0
Premier Club,KDA Scheme 1,"Padel, Swimming, Gym",Outdoor,Yes,Yes,7:00 AM – 2:00 AM,"4,500 - 7,500"
DA Zamzama Club,DHA Phase 5,"Football, Gym, Squash",Mixed,Yes,Yes,4:00 PM – 10:00 PM,300 - 600
Jahangir Khan Club,Kashmir Road,"Padel, Swimming, Gym",Mixed,Yes,Yes,6:00 AM – 9:00 PM,"4,000 - 7,000"
Cyclone Fitness,PECHS,"Gym, Fitness",Indoor,No,Yes,24 Hours,"8,000 - 15,000"
Elite Futsal Arena,Clifton Block 4,Futsal Arena,Outdoor,No,No,7:00 AM – 11:00 PM,"3,500 - 6,000"
Global Swim Center,DHA Phase 8,Swimming Pool,Indoor,Yes,No,4:00 PM – 1:00 AM,"500 - 2,000 "
Ace Football Turf,Tariq Road,Football Turf,Outdoor,No,No,4:00 PM – 1:00 AM,"4,000 - 7,000 "
Active Padel Court,PECHS Block 6,Padel Court,Outdoor,No,No,24 Hours,"4,000 - 8,000 "
Prime Padel Court,DHA Phase 8,Padel Court,Outdoor,No,No,6:00 AM – 10:00 PM,"4,000 - 8,000 "
Royal Swim Center,FB Area Block 6,Swimming Pool,Outdoor,Yes,No,24 Hours,"500 - 2,000 "
Global TT Zone,North Nazimabad F,Table Tennis,Indoor,No,No,24 Hours,300 - 800 
Fit Basketball Court,PECHS Block 2,Basketball,Outdoor,No,No,6:00 AM – 10:00 PM,"1,000 - 3,000"
Active Football Turf,Mehmoodabad,Football Turf,Outdoor,No,No,7:00 AM – 11:00 PM,"4,000 - 7,000 "
Active Tennis Club,Gulshan Block 13,Tennis Club,Outdoor,No,No,4:00 PM – 1:00 AM,"1,500 - 4,000"
Grand Padel Court,Clifton Block 2,Padel Court,Outdoor,No,No,24 Hours,"4,000 - 8,000"
Ace Badminton Court,Gulshan Block 10,Badminton,Indoor,No,No,6:00 AM – 10:00 PM,"500 - 1,500 "
Swift Cricket Academy,North Nazimabad M,Cricket Academy,Outdoor,No,No,6:00 AM – 10:00 PM,"2,000 - 5,000"
Ultimate Swim Center,Gulshan Block 15,Swimming Pool,Indoor,Yes,No,24 Hours,"500 - 2,000 "
Fit Cricket Academy,Bahadurabad,Cricket Academy,Outdoor,No,No,4:00 PM – 1:00 AM,"2,000 - 5,000 "
Prime TT Zone,Malir Cantt,Table Tennis,Indoor,No,No,24 Hours,300 - 800 
Royal Padel Court,Garden East,Padel Court,Outdoor,No,No,4:00 PM – 1:00 AM,"4,000 - 8,000"
Peak Swim Center,Clifton Block 4,Swimming Pool,Outdoor,Yes,No,7:00 AM – 11:00 PM,"500 - 2,000 "
Smart Swim Center,Tariq Road,Swimming Pool,Indoor,Yes,No,6:00 AM – 10:00 PM,"500 - 2,000 "
Active Gym,Surjani Town,Gym,Indoor,No,Yes,7:00 AM – 11:00 PM,"3,000 - 15,000 "
Ultimate Gym,Gulistan-e-Johar,Gym,Indoor,No,Yes,24 Hours,"3,000 - 15,000"
Mega Futsal Arena,Baldia Town,Futsal Arena,Outdoor,No,No,6:00 AM – 10:00 PM,"3,500 - 6,000"
Grand Basketball,North Nazimabad,Basketball,Outdoor,No,No,24 Hours,"1,000 - 3,000"
Fit Badminton Complex,Gulistan-e-Johar 15,Badminton,Indoor,No,No,7:00 AM – 11:00 PM,500 - 1500 
Grand Futsal Arena,Gulistan-e-Johar 12,Futsal,Outdoor,No,No,8:00 AM – 10:00 PM,3500 - 6000 
Smart Swimming Hub,North Nazimabad M,Swimming Pool,Indoor/Outdoor,Yes,No,6:00 AM – 10:00 PM,500 - 2000 
Swift Gym Point,Bahadurabad,Gym,Indoor,No,Yes,8:00 AM – 10:00 PM,3000 - 15000
Elite Basketball Arena,Steel Town,Basketball,Outdoor,No,No,4:00 PM – 1:00 AM,1000 - 3000
Active Football Arena,Gulistan-e-Johar 1,Football,Outdoor,No,No,8:00 AM – 10:00 PM,4000 - 7000 
Smart Tennis Zone,DHA Phase 5,Tennis,Outdoor,No,No,8:00 AM – 10:00 PM,1500 - 4000 
Xtreme Futsal Hub,Gulistan-e-Johar 15,Futsal,Outdoor,No,No,7:00 AM – 11:00 PM,3500 - 6000
Fit Gym Center,Defence View,Gym,Indoor,No,Yes,7:00 AM – 11:00 PM,3000 - 15000 
Fit Futsal Complex,Korangi Industrial,Futsal,Outdoor,No,No,8:00 AM – 10:00 PM,3500 - 6000 
Prime TT Zone,Bahadurabad,Table Tennis,Indoor,No,No,7:00 AM – 11:00 PM,300 - 800 
Active Football Courts,PNS Karsaz,Football,Outdoor,No,No,4:00 PM – 1:00 AM,4000 - 7000 
Fit Cricket Academy,PECHS Block 2,Cricket,Outdoor,No,No,24 Hours,2000 - 5000 
Dynamic Futsal Club,Saddar,Futsal,Outdoor,No,No,24 Hours,3500 - 6000 
Fit Football Courts,Model Colony,Football,Outdoor,No,No,8:00 AM – 10:00 PM,4000 - 7000
Dynamic Gym Station,North Nazimabad H,Gym,Indoor,No,Yes,8:00 AM – 10:00 PM,3000 - 15000 
Peak Gym Point,DHA Phase 7,Gym,Indoor,No,Yes,24 Hours,3000 - 15000 
Royal Futsal Club,Tariq Road,Futsal,Outdoor,No,No,8:00 AM – 10:00 PM,3500 - 6000
City Table Tennis Hub,Liaquatabad,Table Tennis,Indoor,No,No,7:00 AM – 11:00 PM,300 - 800 
Prime Tennis Pavilion,DHA Phase 7,Tennis,Outdoor,No,No,6:00 AM – 10:00 PM,1500 - 4000 
Fit Badminton Station,PECHS Block 2,Badminton,Indoor,No,No,6:00 AM – 10:00 PM,500 - 1500
Ace Badminton Point,North Nazimabad B,Badminton,Indoor,No,No,6:00 AM – 10:00 PM,500 - 1500 
Smart Futsal Center,Naval Colony,Futsal,Outdoor,No,No,4:00 PM – 1:00 AM,3500 - 6000 
Ultimate Gym Spot,Garden East,Gym,Indoor,No,Yes,7:00 AM – 11:00 PM,3000 - 15000 
Dynamic Football Center,Garden East,Football,Outdoor,No,No,7:00 AM – 11:00 PM,4000 - 7000
Ultimate Futsal Hub,Model Colony,Futsal,Outdoor,No,No,4:00 PM – 1:00 AM,3500 - 6000
Royal Football Spot,Gulshan Block 7,Football,Outdoor,No,No,8:00 AM – 10:00 PM,4000 - 7000
Ultimate Badminton,DHA Phase 2,Badminton,Indoor,No,No,7:00 AM – 11:00 PM,500 - 1500 
Ace Football Club,Garden West,Football,Outdoor,No,No,6:00 AM – 10:00 PM,4000 - 7000 
Pro Swimming Club,DHA Phase 7,Swimming,Indoor/Outdoor,Yes,No,6:00 AM – 10:00 PM,500 - 2000 
Ace Gym Center,Defence View,Gym,Indoor,No,Yes,4:00 PM – 1:00 AM,3000 - 15000
Ace Football Courts,Gulistan-e-Johar 12,Football,Outdoor,No,No,6:00 AM – 10:00 PM,4000 - 7000 
City Tennis Courts,Clifton Block 4,Tennis,Outdoor,No,No,4:00 PM – 1:00 AM,1500 - 4000 
Elite Futsal Spot,Tariq Road,Futsal,Outdoor,No,No,8:00 AM – 10:00 PM,3500 - 6000 
Dynamic Futsal Courts,Landhi,Futsal,Outdoor,No,No,6:00 AM – 10:00 PM,3500 - 6000 
Smart Tennis Station,Gulistan-e-Johar 12,Tennis,Outdoor,No,No,8:00 AM – 10:00 PM,1500 - 4000 
Elite Tennis Station,Defence View,Tennis,Outdoor,No,No,7:00 AM – 11:00 PM,1500 - 4000 
Active Football,Gulshan Block 13,Football,Outdoor,No,No,7:00 AM – 11:00 PM,4000 - 7000 
Mega Cricket Academy,FB Area Block 15,Cricket,Outdoor,No,No,4:00 PM – 1:00 AM,2000 - 5000 
Smart Padel Spot,Korangi Industrial,Padel,Outdoor,No,No,7:00 AM – 11:00 PM,4000 - 8000 
Swift Padel Courts,North Nazimabad H,Padel,Outdoor,No,No,8:00 AM – 10:00 PM,4000 - 8000 
Royal Basketball,Baldia Town,Basketball,Outdoor,No,No,7:00 AM – 11:00 PM,1000 - 3000
Grand Cricket Hub,Naval Colony,Cricket,Outdoor,No,No,7:00 AM – 11:00 PM,2000 - 5000 
Peak Badminton Club,Gulistan-e-Johar 1,Badminton,Indoor,No,No,6:00 AM – 10:00 PM,500 - 1500 
Active Badminton,FB Area Block 6,Badminton,Indoor,No,No,7:00 AM – 11:00 PM,500 - 1500 
Ultimate Gym Arena,Landhi,Gym,Indoor,No,Yes,8:00 AM – 10:00 PM,3000 - 15000 
Pro TT Spot,PECHS Block 3,Table Tennis,Indoor,No,No,4:00 PM – 1:00 AM,300 - 800 
Smart TT Courts,Orangi Town,Table Tennis,Indoor,No,No,6:00 AM – 10:00 PM,300 - 800 
Swift Football Courts,Gulshan Block 10,Football,Outdoor,No,No,24 Hours,4000 - 7000 
City Gym Hub,Clifton Block 1,Gym,Indoor,No,Yes,7:00 AM – 11:00 PM,3000 - 15000 
Pro Futsal Arena,Baldia Town,Futsal,Outdoor,No,No,4:00 PM – 1:00 AM,3500 - 6000 
Elite Table Tennis,Gulistan-e-Johar 12,Table Tennis,Indoor,No,No,24 Hours,300 - 800
Elite Futsal Center,Garden West,Futsal,Outdoor,No,No,24 Hours,3500 - 6000
Smart Futsal Center,PECHS Block 3,Futsal,Outdoor,No,No,8:00 AM – 10:00 PM,3500 - 6000 
Active Cricket Academy,Tariq Road,Cricket,Outdoor,No,No,24 Hours,2000 - 5000
Mega Football Complex,Gulshan Block 10,Football,Outdoor,No,No,8:00 AM – 10:00 PM,4000 - 7000
Ultimate Futsal Courts,Sindhi Muslim,Futsal,Outdoor,No,No,4:00 PM – 1:00 AM,3500 - 6000 
Active Futsal Pavilion,Garden East,Futsal,Outdoor,No,No,4:00 PM – 1:00 AM,3500 - 6000 
Prime Badminton Arena,DHA Phase 8,Badminton,Indoor,No,No,7:00 AM – 11:00 PM,500 - 1500
Prime TT Courts,Model Colony,Table Tennis,Indoor,No,No,8:00 AM – 10:00 PM,300 - 800 
Fit Padel Arena,Defence View,Padel,Outdoor,No,No,24 Hours,4000 - 8000
Ace Tennis Club,North Nazimabad L,Tennis,Outdoor,No,No,4:00 PM – 1:00 AM,1500 - 4000 
Peak TT Point,DHA Phase 1,Table Tennis,Indoor,No,No,8:00 AM – 10:00 PM,300 - 800 
Ace Football Arena,Tariq Road,Football,Outdoor,No,No,7:00 AM – 11:00 PM,4000 - 7000 
Swift Futsal Courts,Naval Colony,Futsal,Outdoor,No,No,6:00 AM – 10:00 PM,3500 - 6000 
Ace Basketball Complex,Clifton Block 4,Basketball,Outdoor,No,No,4:00 PM – 1:00 AM,1000 - 3000 
Xtreme Swimming Hub,Tariq Road,Swimming,Indoor/Outdoor,Yes,No,6:00 AM – 10:00 PM,500 - 2000 
Pro Swimming Spot,North Nazimabad B,Swimming,Indoor/Outdoor,Yes,No,4:00 PM – 1:00 AM,500 - 2000
Royal Padel Complex,DHA Phase 2,Padel,Outdoor,No,No,24 Hours,4000 - 8000 
Fit Badminton Arena,Korangi Industrial,Badminton,Indoor,No,No,24 Hours,500 - 1500 
Ace Basketball Center,Clifton Block 2,Basketball,Outdoor,No,No,4:00 PM – 1:00 AM,1000 - 3000
Mega Football Pavilion,Sindhi Muslim,Football,Outdoor,No,No,6:00 AM – 10:00 PM,4000 - 7000 
Royal Gym Zone,Naval Colony,Gym,Indoor,No,Yes,24 Hours,3000 - 15000 
Grand TT Station,North Nazimabad L,Table Tennis,Indoor,No,No,7:00 AM – 11:00 PM,300 - 800 
Grand Swimming Complex,Surjani Town,Swimming,Indoor/Outdoor,Yes,No,8:00 AM – 10:00 PM,500 - 2000 
Active Tennis Zone,Orangi Town,Tennis,Outdoor,No,No,8:00 AM – 10:00 PM,1500 - 4000
Swift Gym Complex,Gulshan Block 1,Gym,Indoor,No,Yes,24 Hours,3000 - 15000 
Grand Futsal Hub,Sindhi Muslim,Futsal,Outdoor,No,No,7:00 AM – 11:00 PM,3500 - 6000 
Ace Swimming Club,North Karachi 11,Swimming,Indoor/Outdoor,Yes,No,7:00 AM – 11:00 PM,500 - 2000 
Pro Futsal Pavilion,Gulshan Block 1,Futsal,Outdoor,No,No,7:00 AM – 11:00 PM,3500 - 6000
Grand Swimming Pool,Gulshan Block 7,Swimming Pool,Indoor/Outdoor,Yes,No,6:00 AM – 10:00 PM,3000 - 15000 
Ultimate Swimming,North Karachi 11,Swimming Pool,Indoor/Outdoor,Yes,No,7:00 AM – 11:00 PM,500 - 2000 
Mega Futsal Arena,DHA Phase 6,Futsal,Outdoor,No,No,24 Hours,4000 - 8000
Dynamic Basketball,DHA Phase 6,Basketball,Outdoor,No,No,24 Hours,3000 - 6000
Swift Cricket,DHA Phase 4,Cricket,Outdoor,No,No,7:00 AM – 11:00 PM,3000 - 15000 
Smart Badminton Club,North Nazimabad L,Badminton,Indoor,No,No,6:00 AM – 10:00 PM,500 - 2000 
Swift Badminton Club,Gulshan Block 10,Badminton,Indoor,No,No,6:00 AM – 10:00 PM,500 - 2000 
City Cricket Academy,PECHS Block 2,Cricket,Outdoor,No,No,6:00 AM – 10:00 PM,3000 - 15000
Dynamic Gym,North Nazimabad B,Gym,Indoor,No,Yes,4:00 PM – 1:00 AM,3000 - 15000
Grand Gym,Clifton Block 5,Gym,Indoor,No,Yes,24 Hours,500 - 2000 
Dynamic Tennis Court,Gulshan Block 15,Tennis,Outdoor,No,No,4:00 PM – 1:00 AM,3000 - 6000 
Active Padel Court,Bahadurabad,Padel Court,Outdoor,No,No,6:00 AM – 10:00 PM,2000 - 4000 
Smart Table Tennis,Gulshan Block 7,Table Tennis,Indoor,No,No,4:00 PM – 1:00 AM,3000 - 15000 
Dynamic Tennis Court,DHA Phase 1,Tennis,Outdoor,No,No,6:00 AM – 10:00 PM,4000 - 8000 
Mega Badminton Club,PECHS Block 2,Badminton,Indoor,No,No,6:00 AM – 10:00 PM,3000 - 15000 
Ultimate Padel Court,Mehmoodabad,Padel Court,Outdoor,No,No,4:00 PM – 1:00 AM,4000 - 8000 
Swift Padel Court,North Nazimabad B,Padel Court,Outdoor,No,No,4:00 PM – 1:00 AM,3000 - 6000
Mega Badminton Club,PECHS Block 6,Badminton,Indoor,No,No,4:00 PM – 1:00 AM,500 - 2000 
Swift Tennis Court,Clifton Block 4,Tennis,Outdoor,No,No,4:00 PM – 1:00 AM,3000 - 6000 
Ace Table Tennis,Gulshan Block 15,Table Tennis,Indoor,No,No,4:00 PM – 1:00 AM,3000 - 15000 
Smart Futsal Arena,Gulistan-e-Johar 15,Futsal,Outdoor,No,No,24 Hours,3000 - 6000
Dynamic Cricket,Sindhi Muslim,Cricket,Outdoor,No,No,6:00 AM – 10:00 PM,3000 - 15000 
Ace Tennis Court,Garden West,Tennis,Outdoor,No,No,6:00 AM – 10:00 PM,4000 - 8000 
Mega Cricket Academy,Gulshan Block 7,Cricket,Outdoor,No,No,6:00 AM – 10:00 PM,3000 - 15000
Elite Tennis Court,Clifton Block 3,Tennis,Outdoor,No,No,6:00 AM – 10:00 PM,2000 - 4000 
Elite Football,DHA Phase 8,Football,Outdoor,No,No,24 Hours,4000 - 8000
Pro Table Tennis,Gulshan Block 13,Table Tennis,Indoor,No,No,7:00 AM – 11:00 PM,500 - 2000 
Peak Basketball,North Nazimabad M,Basketball,Outdoor,No,No,7:00 AM – 11:00 PM,3000 - 6000 
Dynamic Table Tennis,Clifton Block 4,Table Tennis,Indoor,No,No,7:00 AM – 11:00 PM,3000 - 15000 
Dynamic Padel Court,Steel Town,Padel Court,Outdoor,No,No,6:00 AM – 10:00 PM,3000 - 6000 
Active Table Tennis Center,DHA Phase 7,Table Tennis,Indoor,No,No,6:00 AM – 10:00 PM,300 - 800 
Elite Basketball Dome,Gulshan Block 13,Basketball,Outdoor,No,No,6:00 AM – 10:00 PM,1000 - 3000 
Super Swimming Pool,DHA Phase 8,Swimming Pool,Indoor/Outdoor,Yes,No,7:00 AM – 11:00 PM,500 - 2000 
Orbit Football Station,FB Area Block 6,Football,Outdoor,No,No,8:00 AM – 11:00 PM,4000 - 7000 
Elite Football Center,Garden West,Football,Outdoor,No,No,8:00 AM – 11:00 PM,4000 - 7000 
Orbit Gym Pavilion,Mehmoodabad,Gym,Indoor,No,Yes,4:00 PM – 1:00 AM,3000 - 15000
Elite Football Courts,Gulshan Block 10,Football,Outdoor,No,No,7:00 AM – 11:00 PM,4000 - 7000
Super Table Tennis,North Nazimabad B,Table Tennis,Indoor,No,No,8:00 AM – 11:00 PM,300 - 800 
Master Table Tennis,Gulistan-e-Johar 15,Table Tennis,Indoor,No,No,24 Hours,300 - 800
Omega Tennis Station,Gulshan Block 13,Tennis,Outdoor,No,No,24 Hours,1500 - 4000 
Grand Swimming Pool,Naval Colony,Swimming Pool,Mixed,Yes,No,7:00 AM – 11:00 PM,500 - 2000
Lunar Gym Pavilion,Orangi Town,Gym,Indoor,No,Yes,24 Hours,3000 - 15000
Vector Swimming Pool,Steel Town,Swimming Pool,Mixed,Yes,No,8:00 AM – 11:00 PM,500 - 2000 
Omega Table Tennis,Landhi,Table Tennis,Indoor,No,No,24 Hours,300 - 800
Fusion Futsal Pavilion,Liaquatabad,Futsal,Outdoor,No,No,4:00 PM – 1:00 AM,3500 - 6000 
Pulse Cricket Academy,DHA Phase 7,Cricket,Outdoor,No,No,24 Hours,2000 - 5000 
Solar Futsal Dome,Clifton Block 2,Futsal,Outdoor,No,No,4:00 PM – 1:00 AM,3500 - 6000 
Pro Tennis Hub,Clifton Block 2,Tennis,Outdoor,No,No,7:00 AM – 11:00 PM,1500 - 4000 
Orbit Badminton Dome,FB Area Block 6,Badminton,Indoor,No,No,8:00 AM – 11:00 PM,500 - 1500
Master Basketball,Clifton Block 2,Basketball,Outdoor,No,No,24 Hours,1000 - 3000
Quantum Swimming Pool,Surjani Town,Swimming Pool,Mixed,Yes,No,7:00 AM – 11:00 PM,500 - 2000
Active Football Center,Gulshan Block 7,Football,Outdoor,No,No,7:00 AM – 11:00 PM,4000 - 7000 
Orbit Swimming Pool,North Nazimabad F,Swimming Pool,Mixed,Yes,No,24 Hours,500 - 2000 
Quantum Basketball,Clifton Block 5,Basketball,Outdoor,No,No,6:00 AM – 10:00 PM,1000 - 3000 
Alpha Futsal Zone,Gulistan-e-Johar 1,Futsal,Outdoor,No,No,8:00 AM – 11:00 PM,3500 - 6000 
Elite Badminton Courts,Garden West,Badminton,Indoor,No,No,24 Hours,500 - 1500 
Master Football Arena,DHA Phase 7,Football,Outdoor,No,No,4:00 PM – 1:00 AM,4000 - 7000
Omega Table Tennis,Saddar,Table Tennis,Indoor,No,No,6:00 AM – 10:00 PM,300 - 800 
Quantum Badminton,North Nazimabad H,Badminton,Indoor,No,No,24 Hours,500 - 1500 
Alpha Padel Complex,North Karachi 11,Padel,Outdoor,No,No,4:00 PM – 1:00 AM,4000 - 8000 
Core Cricket Academy,PECHS Block 3,Cricket,Outdoor,No,No,24 Hours,2000 - 5000
Core Futsal Hub,Gulshan Block 13,Futsal,Outdoor,No,No,7:00 AM – 11:00 PM,3500 - 6000 
Grand Swimming Pool,Clifton Block 4,Swimming Pool,Mixed,Yes,No,4:00 PM – 1:00 AM,500 - 2000 
Pro Basketball Courts,Clifton Block 9,Basketball,Outdoor,No,No,8:00 AM – 11:00 PM,1000 - 3000
Elite Swimming Pool,Liaquatabad,Swimming Pool,Mixed,Yes,No,4:00 PM – 1:00 AM,500 - 2000 
Orbit Padel Hub,Gulistan-e-Johar 15,Padel,Outdoor,No,No,7:00 AM – 11:00 PM,4000 - 8000
Mighty Badminton Point,Gulistan-e-Johar 1,Badminton,Indoor,No,No,7:00 AM – 11:00 PM,500 - 1500 
Solar Basketball,Clifton Block 5,Basketball,Outdoor,No,No,8:00 AM – 11:00 PM,1000 - 3000 
Super Gym Station,Gulshan Block 13,Gym,Indoor,No,Yes,6:00 AM – 10:00 PM,3000 - 15000
Lunar Tennis Center,PECHS Block 3,Tennis,Outdoor,No,No,8:00 AM – 11:00 PM,1500 - 4000 
Grand Padel Pavilion,Surjani Town,Padel,Outdoor,No,No,7:00 AM – 11:00 PM,4000 - 8000 
Vector Basketball,Orangi Town,Basketball,Outdoor,No,No,4:00 PM – 1:00 AM,1000 - 3000 
Solar Badminton Courts,Garden West,Badminton,Indoor,No,No,6:00 AM – 10:00 PM,500 - 1500
Lunar Futsal Hub,DHA Phase 2,Futsal,Outdoor,No,No,6:00 AM – 10:00 PM,3500 - 6000 
Fusion Futsal Hub,FB Area Block 15,Futsal,Outdoor,No,No,6:00 AM – 10:00 PM,3500 - 6000
Core Swimming Pool,Mehmoodabad,Swimming Pool,Mixed,Yes,No,24 Hours,500 - 2000 
Alpha Table Tennis,Orangi Town,Table Tennis,Indoor,No,No,24 Hours,300 - 800 
Fusion Basketball,Gulshan Block 7,Basketball,Outdoor,No,No,8:00 AM – 11:00 PM,1000 - 3000
Pro Gym Point,DHA Phase 2,Gym,Indoor,No,Yes,8:00 AM – 11:00 PM,3000 - 15000
Mighty Futsal Pavilion,DHA Phase 7,Futsal,Outdoor,No,No,24 Hours,3500 - 6000 
Pulse Football Zone,Defence View,Football,Outdoor,No,No,4:00 PM – 1:00 AM,4000 - 7000 
Vector Futsal Zone,Sindhi Muslim,Futsal,Outdoor,No,No,4:00 PM – 1:00 AM,3500 - 6000
Orbit Tennis Pavilion,Malir Cantt,Tennis,Outdoor,No,No,4:00 PM – 1:00 AM,1500 - 4000
Mighty Padel Pavilion,DHA Phase 5,Padel,Outdoor,No,No,7:00 AM – 11:00 PM,4000 - 8000 
Elite Tennis Point,North Nazimabad B,Tennis,Outdoor,No,No,4:00 PM – 1:00 AM,1500 - 4000 
Omega Table Tennis,DHA Phase 4,Table Tennis,Indoor,No,No,4:00 PM – 1:00 AM,300 - 800 
Lunar Gym Center,Model Colony,Gym,Indoor,No,Yes,6:00 AM – 10:00 PM,3000 - 15000
Alpha Football Dome,DHA Phase 8,Football,Outdoor,No,No,24 Hours,4000 - 7000
Omega Padel Arena,DHA Phase 6,Padel,Outdoor,No,No,24 Hours,4000 - 8000
Mighty Basketball,Garden East,Basketball,Outdoor,No,No,8:00 AM – 11:00 PM,1000 - 3000
Omega Cricket Academy,Sindhi Muslim,Cricket Academy,Outdoor,No,No,4:00 PM – 1:00 AM,2000 - 5000
Alpha Swimming Pool,Gulshan Block 15,Swimming Pool,Indoor/Outdoor,Yes,No,24 Hours,500 - 2000 
Mighty Cricket Hub,Gulshan Block 1,Cricket Academy,Outdoor,No,No,6:00 AM – 10:00 PM,2000 - 5000
Core Padel Pavilion,DHA Phase 6,Padel,Outdoor,No,No,6:00 AM – 10:00 PM,4000 - 8000
Hyper TT Pavilion,Clifton Block 4,Table Tennis,Indoor,No,No,7:00 AM – 11:00 PM,300 - 800 (Hr)
Vector Padel Complex,Baldia Town,Padel,Outdoor,No,No,24 Hours,4000 - 8000
Gamma Padel Arena,DHA Phase 1,Padel,Outdoor,No,No,6:00 AM – 10:00 PM,4000 - 8000
Omega Badminton Hub,Johar Block 15,Badminton,Indoor,No,No,7:00 AM – 11:00 PM,500 - 1500
Alpha Gym Arena,Mehmoodabad,Gym,Indoor,No,Yes,7:00 AM – 11:00 PM,3000 - 15000
Quantum TT Hub,Gulshan Block 15,Table Tennis,Indoor,No,No,24 Hours,300 - 800
Ultra Swimming Courts,DHA Phase 1,Swimming Pool,Mixed,Yes,No,6:00 AM – 10:00 PM,500 - 2000 
Sonic Tennis Point,DHA Phase 7,Tennis,Outdoor,No,No,6:00 AM – 10:00 PM,1500 - 4000
Orbit Gym Station,DHA Phase 4,Gym,Indoor,No,Yes,24 Hours,3000 - 15000
Delta TT Club,Johar Block 1,Table Tennis,Indoor,No,No,6:00 AM – 10:00 PM,300 - 800
Quantum Football,DHA Phase 1,Football,Outdoor,No,No,6:00 AM – 10:00 PM,4000 - 7000
Sigma Tennis Zone,Clifton Block 2,Tennis,Outdoor,No,No,7:00 AM – 11:00 PM,1500 - 4000
Hyper TT Zone,Johar Block 15,Table Tennis,Indoor,No,No,4:00 PM – 1:00 AM,300 - 800
Core TT Complex,DHA Phase 4,Table Tennis,Indoor,No,No,7:00 AM – 11:00 PM,300 - 800
Mighty Padel Station,Johar Block 4,Padel,Outdoor,No,No,7:00 AM – 11:00 PM,4000 - 8000
Alpha Gym Zone,Surjani Town,Gym,Indoor,No,Yes,4:00 PM – 1:00 AM,3000 - 15000
Ultra TT Point,Gulshan Block 7,Table Tennis,Indoor,No,No,7:00 AM – 11:00 PM,300 - 800
Hyper Gym Pavilion,PECHS Block 2,Gym,Indoor,No,Yes,24 Hours,3000 - 15000
Sonic Padel Center,DHA Phase 7,Padel,Outdoor,No,No,7:00 AM – 11:00 PM,4000 - 8000
Delta Padel Arena,Steel Town,Padel,Outdoor,No,No,7:00 AM – 11:00 PM,4000 - 8000
Beta Tennis Arena,Johar Block 1,Tennis,Outdoor,No,No,4:00 PM – 1:00 AM,1500 - 4000 
Titan Football Arena,Gulshan Block 15,Football,Outdoor,No,No,7:00 AM – 11:00 PM,4000 - 7000
Core Swimming Arena,DHA Phase 4,Swimming Pool,Mixed,Yes,No,7:00 AM – 11:00 PM,500 - 2000 
Sonic Futsal Point,DHA Phase 6,Futsal,Outdoor,No,No,24 Hours,3500 - 6000
Fusion Padel Complex,FB Area Block 15,Padel,Outdoor,No,No,6:00 AM – 10:00 PM,4000 - 8000
Titan Tennis Complex,North Karachi 11,Tennis,Outdoor,No,No,4:00 PM – 1:00 AM,1500 - 4000 
Smash X KDA,KDA Scheme 1,"Padel, Pickleball",Outdoor,No,No,7 AM – 4 AM,4500 - 7500
Padelverse,Clifton Block 13,Padel,Indoor,No,No,24 Hours,5000 - 8000
Matchbox Padel,Malir Cantt,Padel,Outdoor,No,No,4 PM – 1 AM,6000 - 8000
Velocity X,DHA Phase 6,"Gym, MMA, HIIT",Indoor,No,Yes,6 AM – 12 AM,16000
Ignite Pavilion,Gulshan-e-Iqbal,"Futsal, Padel",Outdoor,No,No,6 AM – 8 PM,6500
DA Sunset Club,DHA Phase 2,"Swimming, Tennis, Gym",Mixed,Yes,Yes,7 AM – 10 PM,600
Aga Khan Centre,Stadium Road,"Swim, Football, Tennis",Mixed,Yes,Yes,7 AM – 11 PM,Membership
Urban Turf,DHA Phase 8,"Futsal, Cricket",Outdoor,No,No,24 Hours,3000 - 5000
Shapes Health,Old Clifton,"Gym, Swim, Squash",Mixed,Yes,Yes,6 AM – 10 PM,12000
Apex Basketball,Liaquatabad,Basketball,Outdoor,No,No,4 PM – 1 AM,1000 - 3000
Titan Basketball,North Nazimabad H,Basketball,Outdoor,No,No,4 PM – 1 AM,1000 - 3000
Power Futsal,Sindhi Muslim,Futsal,Outdoor,No,No,24 Hours,3500 - 6000
Fusion Badminton,Saddar,Badminton,Indoor,No,No,6 AM – 10 PM,500 - 1500
Pulse Basketball,Malir Cantt,Basketball,Outdoor,No,No,4 PM – 1 AM,1000 - 3000
Direct Cricket,Defence View,Cricket Academy,Outdoor,No,No,4 PM – 1 AM,2000 - 5000
Core Padel Johar,Johar Block 15,Padel,Outdoor,No,No,4 PM – 1 AM,4000 - 8000
Turbo Swimming,PECHS Block 6,Swimming Pool,Mixed,Yes,No,24 Hours,500 - 2000
Zenith Football,PECHS Block 2,Football,Outdoor,No,No,7 AM – 11 PM,4000 - 7000
Apex Football,DHA Phase 1,Football,Outdoor,No,No,4 PM – 1 AM,4000 - 7000
Solid TT Zone,Garden West,Table Tennis,Indoor,No,No,8 AM – 8 PM,300 - 800
Turbo Padel,Baldia Town,Padel,Outdoor,No,No,7 AM – 11 PM,4000 - 8000
Flash TT Center,Garden East,Table Tennis,Indoor,No,No,7 AM – 11 PM,300 - 800
Turbo Football,Defence View,Football,Outdoor,No,No,8 AM – 8 PM,4000 - 7000
Wave Basketball,North Nazimabad L,Basketball,Outdoor,No,No,4 PM – 1 AM,1000 - 3000
Orbit Futsal,Johar Block 12,Futsal,Outdoor,No,No,24 Hours,3500 - 6000
Apex Swim Club,Baldia Town,Swimming Pool,Mixed,Yes,No,6 AM – 10 PM,500 - 2000
Core TT Spot,North Nazimabad H,Table Tennis,Indoor,No,No,7 AM – 11 PM,300 - 800
Quantum Futsal,Gulshan Block 10,Futsal,Outdoor,No,No,8 AM – 8 PM,3500 - 6000
Gold Padel PECHS,PECHS Block 2,Padel,Outdoor,No,No,4 PM – 1 AM,4000 - 8000
Rapid Swim Hub,Naval Colony,Swimming Pool,Mixed,Yes,No,6 AM – 10 PM,500 - 2000
Fusion Tennis,Orangi Town,Tennis,Outdoor,No,No,24 Hours,1500 - 4000
Pulse Cricket,PECHS Block 6,Cricket Academy,Outdoor,No,No,7 AM – 11 PM,2000 - 5000
Zenith Futsal,DHA Phase 4,Futsal,Outdoor,No,No,7 AM – 11 PM,3500 - 6000
Pulse Tennis,FB Area Block 6,Tennis,Outdoor,No,No,6 AM – 10 PM,1500 - 4000
Power Swim Spot,PECHS Block 2,Swimming Pool,Mixed,Yes,No,8 AM – 8 PM,500 - 2000
Titan Tennis,Steel Town,Tennis,Outdoor,No,No,6 AM – 10 PM,1500 - 4000
Pulse Football,Model Colony,Football,Outdoor,No,No,4 PM – 1 AM,4000 - 7000
Flash Tennis,Gulshan Block 7,Tennis,Outdoor,No,No,6 AM – 10 PM,1500 - 4000
Silver Padel,Mehmoodabad,Padel,Outdoor,No,No,4 PM – 1 AM,4000 - 8000
Iron Table Tennis,Naval Colony,Table Tennis,Indoor,No,No,24 Hours,300 - 800
Iron Futsal Hub,Clifton Block 4,Futsal,Outdoor,No,No,6 AM – 10 PM,3500 - 6000
Wave Padel Zone,Gulshan Block 10,Padel,Outdoor,No,No,6 AM – 10 PM,4000 - 8000
Vibe Swim Centre,Defence View,Swimming Pool,Mixed,Yes,No,4 PM – 1 AM,500 - 2000
Vibe Tennis DHA,DHA Phase 7,Tennis,Outdoor,No,No,8 AM – 8 PM,1500 - 4000
Orbit Basketball,North Nazimabad L,Basketball,Outdoor,No,No,6 AM – 10 PM,1000 - 3000
Vibe Padel DHA,DHA Phase 7,Padel,Outdoor,No,No,4 PM – 1 AM,4000 - 8000
Solid Padel Landhi,Landhi,Padel,Outdoor,No,No,8 AM – 8 PM,4000 - 8000
Power Swim Johar,Johar Block 12,Swimming Pool,Mixed,Yes,No,8 AM – 8 PM,500 - 2000
Zenith Basketball,FB Area Block 6,Basketball,Outdoor,No,No,6 AM – 10 PM,1000 - 3000
Core Badminton,Garden East,Badminton,Indoor,No,No,24 Hours,500 - 1500
Direct Padel Saddar,Saddar,Padel,Outdoor,No,No,4 PM – 1 AM,4000 - 8000
Iron Basketball,Garden West,Basketball,Outdoor,No,No,6 AM – 10 PM,1000 - 3000
Core Cricket DHA,DHA Phase 6,Cricket Academy,Outdoor,No,No,6 AM – 10 PM,2000 - 5000
Gold Swim Spot,Gulshan Block 10,Swimming Pool,Mixed,Yes,No,6 AM – 10 PM,500 - 2000
Silver Badminton,Garden West,Badminton,Indoor,No,No,8 AM – 8 PM,500 - 1500
Star Futsal Hub,Garden West,Futsal,Outdoor,No,No,4 PM – 1 AM,3500 - 6000
Peak Swim Clifton,Clifton Block 4,Swimming Pool,Mixed,Yes,No,7 AM – 11 PM,500 - 2000
Active Gym Surjani,Surjani Town,Gym,Indoor,No,Yes,7 AM – 11 PM,3000 - 15000
Ultimate Gym Johar,Gulistan-e-Johar,Gym,Indoor,No,Yes,24 Hours,3000 - 15000
Mega Futsal Arena,Baldia Town,Futsal,Outdoor,No,No,6 AM – 10 PM,3500 - 6000
Grand Basketball,North Nazimabad,Basketball,Outdoor,No,No,24 Hours,1000 - 3000
Quantum Swim,Surjani Town,Swimming Pool,Mixed,Yes,No,7 AM – 11 PM,500 - 2000
Active Football,Gulshan Block 7,Football,Outdoor,No,No,7 AM – 11 PM,4000 - 7000
Fit Gym Defence,Defence View,Gym,Indoor,No,Yes,7 AM – 11 PM,3000 - 15000
Peak Gym DHA 7,DHA Phase 7,Gym,Indoor,No,Yes,24 Hours,3000 - 15000
City TT Hub,Liaquatabad,Table Tennis,Indoor,No,No,7 AM – 11 PM,300 - 800
Swift Gym BHD,Bahadurabad,Gym,Indoor,No,Yes,8 AM – 10 PM,3000 - 15000
Royal Futsal TR,Tariq Road,Futsal,Outdoor,No,No,8 AM – 10 PM,3500 - 6000
Pro Swimming DHA,DHA Phase 7,Swimming Pool,Mixed,Yes,No,6 AM – 10 PM,500 - 2000
Mega Tennis TR,Tariq Road,Tennis,Outdoor,No,No,4 PM – 1 AM,1500 - 4000
Smart Swim TR,Tariq Road,Swimming Pool,Indoor,Yes,No,6 AM – 10 PM,500 - 2000
Elite Padel DHA 6,DHA Phase 6,Padel,Outdoor,No,No,24 Hours,4000 - 8000
Direct Gym Saddar,Saddar,Gym,Indoor,No,Yes,6 AM – 10 PM,3000 - 15000
Titan Padel NK,North Karachi 11,Padel,Outdoor,No,No,7 AM – 11 PM,4000 - 8000
Solid Swim Town,Surjani Town,Swimming Pool,Mixed,Yes,No,7 AM – 11 PM,500 - 2000
Gold Gym Gulshan,Gulshan Block 7,Gym,Indoor,No,Yes,7 AM – 11 PM,3000 - 15000
Master Padel NK,North Karachi 11,Padel,Outdoor,No,No,24 Hours,4000 - 8000
Active Gym G.East,Garden East,Gym,Indoor,No,Yes,6 AM – 10 PM,3000 - 15000
Swift Padel NK,North Karachi 11,Padel,Outdoor,No,No,8 AM – 8 PM,4000 - 8000
Grand Padel Tariq,Tariq Road,Padel,Outdoor,No,No,24 Hours,4000 - 8000
Mega Swim Johar,Johar Block 15,Swimming Pool,Mixed,Yes,No,6 AM – 10 PM,500 - 2000
Active Padel Gul,Gulshan Block 10,Padel,Outdoor,No,No,7 AM – 11 PM,4000 - 8000
Grand Gym Clifton,Clifton Block 1,Gym,Indoor,No,Yes,6 AM – 10 PM,3000 - 15000
Master Padel LQT,Liaquatabad,Padel,Outdoor,No,No,8 AM – 11 PM,4000 - 8000
Hyper Gym PECHS,PECHS Block 2,Gym,Indoor,No,Yes,24 Hours,3000 - 15000
Ultra TT Gulshan,Gulshan Block 7,Table Tennis,Indoor,No,No,7 AM – 11 PM,300 - 800
Core TT DHA 4,DHA Phase 4,Table Tennis,Indoor,No,No,7 AM – 11 PM,300 - 800
Hyper TT Johar,Johar Block 15,Table Tennis,Indoor,No,No,4 PM – 1 AM,300 - 800
Sigma Tennis CLF,Clifton Block 2,Tennis,Outdoor,No,No,7 AM – 11 PM,1500 - 4000
Quantum Football,DHA Phase 1,Football,Outdoor,No,No,6 AM – 10 PM,4000 - 7000
Delta TT Johar,Johar Block 1,Table Tennis,Indoor,No,No,6 AM – 10 PM,300 - 800
Sonic Padel DHA,DHA Phase 7,Padel,Outdoor,No,No,7 AM – 11 PM,4000 - 8000
Titan Football,Johar Block 15,Football,Outdoor,No,No,7 AM – 11 PM,4000 - 7000
Sonic Futsal DHA,DHA Phase 6,Futsal,Outdoor,No,No,24 Hours,3500 - 6000
Fusion Padel FBA,FB Area Block 15,Padel,Outdoor,No,No,6 AM – 10 PM,4000 - 8000
Mighty Cricket,Gulshan Block 1,Cricket Academy,Outdoor,No,No,6 AM – 10 PM,2000 - 5000
Master Gym NK,North Nazimabad L,Gym,Indoor,No,Yes,24 Hours,3000 - 15000
Alpha Gym MM,Mehmoodabad,Gym,Indoor,No,Yes,7 AM – 11 PM,3000 - 15000
Sigma Swim Saddar,Saddar,Swimming Pool,Mixed,Yes,No,7 AM – 11 PM,500 - 2000
Mighty Cricket TR,Tariq Road,Cricket Academy,Outdoor,No,No,4 PM – 1 AM,2000 - 5000
Master Swim DHA 4,DHA Phase 4,Swimming Pool,Mixed,Yes,No,4 PM – 1 AM,500 - 2000
Delta Padel Steel,Steel Town,Padel,Outdoor,No,No,7 AM – 11 PM,4000 - 8000
Sonic Swim LQT,Liaquatabad,Swimming Pool,Mixed,Yes,No,24 Hours,500 - 2000
Ultra Badminton 8,DHA Phase 8,Badminton,Indoor,No,No,24 Hours,500 - 1500
Alpha Padel NK,North Nazimabad B,Padel,Outdoor,No,No,4 PM – 1 AM,4000 - 8000
Titan TT Baldia,Baldia Town,Table Tennis,Indoor,No,No,24 Hours,300 - 800
Mighty Padel NV,Naval Colony,Padel,Outdoor,No,No,24 Hours,4000 - 8000
Vibe Gym Surjani,Surjani Town,Gym,Indoor,No,Yes,4 PM – 1 AM,3000 - 15000
Sonic Basketball,FB Area Block 6,Basketball,Outdoor,No,No,4 PM – 1 AM,1000 - 3000
Super Gym Model,Model Colony,Gym,Indoor,No,Yes,4 PM – 1 AM,3000 - 15000
Solid Padel DHA 4,DHA Phase 4,Padel,Outdoor,No,No,6 AM – 10 PM,4000 - 8000
Rapid Padel FBA,FB Area Block 15,Padel,Outdoor,No,No,4 PM – 1 AM,4000 - 8000
Star Cricket Gul7,Gulshan Block 7,Cricket Academy,Outdoor,No,No,6 AM – 10 PM,2000 - 5000
Elite Football 8,DHA Phase 8,Football,Outdoor,No,No,24 Hours,4000 - 8000
Orbit Futsal MM,Mehmoodabad,Futsal,Outdoor,No,No,6 AM – 10 PM,3500 - 6000
Fusion Basketball,NK Sector 11,Basketball,Outdoor,No,No,24 Hours,1000 - 3000
Omega Padel DHA 6,DHA Phase 6,Padel,Outdoor,No,No,24 Hours,4000 - 8000
Grand Gym NK 11,North Karachi 11,Gym,Indoor,No,Yes,4 PM – 1 AM,3000 - 15000
Elite Futsal CLF9,Clifton Block 9,Futsal,Outdoor,No,No,24 Hours,2000 - 4000
Power Futsal Gul1,Gulshan Block 1,Futsal,Outdoor,No,No,6 AM – 10 PM,3500 - 6000
Solid Cricket NV,Naval Colony,Cricket Academy,Outdoor,No,No,7 AM – 11 PM,2000 - 5000
Star Badminton P2,PECHS Block 2,Badminton,Indoor,No,No,7 AM – 11 PM,500 - 1500
Direct TT Arena,Saddar,Table Tennis,Indoor,No,No,7 AM – 11 PM,300 - 800
Titan Gym Johar,Johar Block 15,Gym,Indoor,No,Yes,4 PM – 1 AM,3000 - 15000
Active Football 1,Gulistan-e-Johar 1,Football,Outdoor,No,No,8 AM – 10 PM,4000 - 7000
Zenith TT DHA 8,DHA Phase 8,Table Tennis,Indoor,No,No,6 AM – 10 PM,300 - 800
Core TT PECHS 3,PECHS Block 3,Table Tennis,Indoor,No,No,4 PM – 1 AM,300 - 800
Rapid Futsal SM,Sindhi Muslim,Futsal,Outdoor,No,No,7 AM – 11 PM,3500 - 6000
Titan Cricket P6,PECHS Block 6,Cricket Academy,Outdoor,No,No,6 AM – 10 PM,2000 - 5000
Solid Tennis NK,North Nazimabad L,Tennis,Outdoor,No,No,7 AM – 11 PM,1500 - 4000
Iron Tennis DHA 8,DHA Phase 8,Tennis,Outdoor,No,No,6 AM – 10 PM,1500 - 4000
Turbo Gym TR,Tariq Road,Gym,Indoor,No,Yes,6 AM – 10 PM,3000 - 15000
Mighty Padel DHA5,DHA Phase 5,Padel,Outdoor,No,No,7 AM – 11 PM,4000 - 8000
Active Padel BHD,Bahadurabad,Padel,Outdoor,No,No,6 AM – 10 PM,2000 - 4000
Dynamic Tennis 1,DHA Phase 1,Tennis,Outdoor,No,No,6 AM – 10 PM,4000 - 8000
Swift Tennis CLF4,Clifton Block 4,Tennis,Outdoor,No,No,4 PM – 1 AM,3000 - 6000
Rapid Tennis Gul7,Gulshan Block 7,Tennis,Outdoor,No,No,6 AM – 10 PM,1500 - 4000
Elite Tennis NK,North Nazimabad B,Tennis,Outdoor,No,No,4 PM – 1 AM,1500 - 4000
Active Tennis KDA,KDA Scheme 1,Tennis,Outdoor,No,No,4 PM – 1 AM,3000 - 6000
Sigma Padel NK B,North Nazimabad B,Padel,Outdoor,No,No,4 PM – 1 AM,3000 - 6000
Ace Tennis Garden,Garden West,Tennis,Outdoor,No,No,6 AM – 10 PM,4000 - 8000
Prime Cricket NK,North Nazimabad B,Cricket Academy,Outdoor,No,No,8 AM – 8 PM,2000 - 5000
Grand Football NK,North Karachi 11,Football,Outdoor,No,No,6 AM – 10 PM,4000 - 7000
Direct Padel NK B,North Nazimabad B,Padel,Outdoor,No,No,4 PM – 1 AM,4000 - 8000
Fit Futsal PECHS,PECHS Block 6,Futsal,Outdoor,No,No,6 AM – 10 PM,3500 - 6000
Ace Cricket NK B,North Nazimabad B,Cricket Academy,Outdoor,No,No,8 AM – 10 PM,2000 - 5000
Delta Badminton,Defence View,Badminton,Indoor,No,No,6 AM – 10 PM,500 - 1500
Swift Basketball,North Nazimabad M,Basketball,Outdoor,No,No,24 Hours,1000 - 3000
Solid Padel Saddar,Saddar,Padel,Outdoor,No,No,6 AM – 10 PM,4000 - 8000
Star Futsal G.West,Garden West,Futsal,Outdoor,No,No,4 PM – 1 AM,3500 - 6000
Smart Futsal NK,North Karachi 11,Futsal,Outdoor,No,No,4 PM – 1 AM,4000 - 8000
Mega Padel DHA 4,DHA Phase 4,Padel,Outdoor,No,No,24 Hours,4000 - 8000
Ace Gym G.East,Garden East,Gym,Indoor,No,Yes,24 Hours,3000 - 15000
Active Futsal G.E,Garden East,Futsal,Outdoor,No,No,4 PM – 1 AM,3500 - 6000
Peak Basketball M,North Nazimabad M,Basketball,Outdoor,No,No,7 AM – 11 PM,3000 - 6000
Grand Cricket NV,Naval Colony,Cricket Academy,Outdoor,No,No,7 AM – 11 PM,2000 - 5000
Direct Gym NK L,North Nazimabad L,Gym,Indoor,No,Yes,24 Hours,3000 - 15000
Titan Futsal NK,North Karachi 11,Futsal,Outdoor,No,No,24 Hours,3500 - 6000
Pulse Badminton H,North Nazimabad H,Badminton,Indoor,No,No,7 AM – 11 PM,500 - 1500
Active Tennis TR,Tariq Road,Tennis,Outdoor,No,No,24 Hours,1500 - 4000
Omega Futsal NK,North Karachi 11,Futsal,Outdoor,No,No,24 Hours,3500 - 6000
Grand Basketball 4,DHA Phase 4,Basketball,Outdoor,No,No,24 Hours,2000 - 4000
Mighty Basketball,Garden East,Basketball,Outdoor,No,No,8 AM – 11 PM,1000 - 3000
Orbit Futsal MM,Mehmoodabad,Futsal,Outdoor,No,No,6 AM – 10 PM,3500 - 6000
Flash Football J1,Gulistan-e-Johar 1,Football,Outdoor,No,No,24 Hours,4000 - 7000
Mighty Swim CLF 2,Clifton Block 2,Swimming Pool,Mixed,Yes,No,24 Hours,500 - 2000
Sigma Padel P6,PECHS Block 6,Padel,Outdoor,No,No,4 PM – 1 AM,3500 - 6000
Alpha Football GW,Garden West,Football,Outdoor,No,No,6 AM – 10 PM,4000 - 7000
Beta Swim P2,PECHS Block 2,Swimming Pool,Mixed,Yes,No,7 AM – 11 PM,500 - 2000
Sigma Basketball P6,PECHS Block 6,Basketball,Outdoor,No,No,24 Hours,1000 - 3000
Fusion TT Steel,Steel Town,Table Tennis,Indoor,No,No,6 AM – 10 PM,300 - 800
Gold Swim Hub J12,Johar Block 12,Swimming Pool,Mixed,Yes,No,4 PM – 1 AM,500 - 2000
Sonic TT Hub DHA5,DHA Phase 5,Table Tennis,Indoor,No,No,4 PM – 1 AM,300 - 800
Alpha Swim NK M,North Nazimabad M,Swimming Pool,Mixed,Yes,No,6 AM – 10 PM,500 - 2000
Titan Cricket P6,PECHS Block 6,Cricket Academy,Outdoor,No,No,6 AM – 10 PM,2000 - 5000
Delta Swim J12,Johar Block 12,Swimming Pool,Mixed,Yes,No,4 PM – 1 AM,500 - 2000
Sigma Swim Saddar,Saddar,Swimming Pool,Mixed,Yes,No,7 AM – 11 PM,500 - 2000
Omega Swim P6,PECHS Block 6,Swimming Pool,Mixed,Yes,No,7 AM – 11 PM,500 - 2000
Vector Swim BHD,Bahadurabad,Swimming Pool,Mixed,Yes,No,24 Hours,500 - 2000
Master Swim DHA 8,DHA Phase 8,Swimming Pool,Mixed,Yes,No,4 PM – 1 AM,500 - 2000
Power Basketball 1,DHA Phase 1,Basketball,Outdoor,No,No,6 AM – 10 PM,1000 - 3000
Star TT Arena P2,PECHS Block 2,Table Tennis,Indoor,No,No,4 PM – 1 AM,300 - 800
Vector Swim Steel,Steel Town,Swimming Pool,Mixed,Yes,No,8 AM – 11 PM,500 - 2000
Master TT Johar,Johar Block 15,Table Tennis,Indoor,No,No,24 Hours,300 - 800
Master Cricket C1,Clifton Block 1,Cricket Academy,Outdoor,No,No,24 Hours,2000 - 5000
Titan Cricket P4,Johar Block 4,Cricket Academy,Outdoor,No,No,6 AM – 10 PM,2000 - 5000
Sigma Swim FBA,FB Area Block 15,Swimming Pool,Mixed,Yes,No,6 AM – 10 PM,500 - 2000
Core Swim MM,Mehmoodabad,Swimming Pool,Mixed,Yes,No,24 Hours,500 - 2000
Direct Swim NK F,North Nazimabad F,Swimming Pool,Mixed,Yes,No,4 PM – 1 AM,500 - 2000
Orbit Swim NK F,North Nazimabad F,Swimming Pool,Mixed,Yes,No,24 Hours,500 - 2000
Pulse Cricket DHA7,DHA Phase 7,Cricket Academy,Outdoor,No,No,24 Hours,2000 - 5000
Super Swim DHA 8,DHA Phase 8,Swimming Pool,Mixed,Yes,No,7 AM – 11 PM,500 - 2000
Alpha Swim Gul15,Gulshan Block 15,Swimming Pool,Mixed,Yes,No,24 Hours,500 - 2000
Delta Swim Johar,Johar Block 12,Swimming Pool,Mixed,Yes,No,4 PM – 1 AM,500 - 2000
Sigma Cricket NV,Naval Colony,Cricket Academy,Outdoor,No,No,24 Hours,2000 - 5000
Star Cricket SM,Sindhi Muslim,Cricket Academy,Outdoor,No,No,24 Hours,2000 - 5000
Master Basketball NK,North Karachi 11,Basketball,Outdoor,No,No,24 Hours,1000 - 3000
Direct Swim NV,Naval Colony,Swimming Pool,Mixed,Yes,No,7 AM – 11 PM,500 - 2000
Titan Cricket NK,North Karachi 11,Cricket Academy,Outdoor,No,No,6 AM – 10 PM,2000 - 5000
Omega Basketball SM,Sindhi Muslim,Basketball,Outdoor,No,No,24 Hours,1000 - 3000
Solid Padel Steel,Steel Town,Padel,Outdoor,No,No,7 AM – 11 PM,4000 - 8000
Zenith Basketball GW,Garden West,Basketball,Outdoor,No,No,24 Hours,1000 - 3000
Iron Gym G.West,Garden West,Gym,Indoor,No,Yes,6 AM – 10 PM,3000 - 15000
Star Basketball J15,Johar Block 15,Basketball,Outdoor,No,No,7 AM – 11 PM,1000 - 3000
Pulse Tennis FBA,FB Area Block 6,Tennis,Outdoor,No,No,6 AM – 10 PM,1500 - 4000
Mighty Cricket NK,North Nazimabad M,Cricket Academy,Outdoor,No,No,7 AM – 11 PM,2000 - 5000
Beta Basketball TR,Tariq Road,Basketball,Outdoor,No,No,6 AM – 10 PM,1000 - 3000
Peak Tennis CLF 1,Clifton Block 1,Tennis,Outdoor,No,No,24 Hours,1500 - 4000
Gamma Cricket GW,Garden West,Cricket Academy,Outdoor,No,No,7 AM – 11 PM,2000 - 5000
Omega Tennis NK M,North Nazimabad M,Tennis,Outdoor,No,No,4 PM – 1 AM,1500 - 4000
Vector Swim NV,Naval Colony,Swimming Pool,Mixed,Yes,No,6 AM – 10 PM,500 - 2000
Delta TT CLF 5,Clifton Block 5,Table Tennis,Indoor,No,No,6 AM – 10 PM,300 - 800
Solid Cricket Saddar,Saddar,Cricket Academy,Outdoor,No,No,6 AM – 10 PM,2000 - 5000
Power Tennis NK 11,North Karachi 11,Tennis,Outdoor,No,No,24 Hours,1500 - 4000
Ultra Football NK,North Karachi 11,Football,Outdoor,No,No,24 Hours,4000 - 7000
Sonic Padel NV,Naval Colony,Padel,Outdoor,No,No,7 AM – 11 PM,4000 - 8000
Delta Football NK,North Karachi 11,Football,Outdoor,No,No,7 AM – 11 PM,4000 - 7000
Rapid Football TR,Tariq Road,Football,Outdoor,No,No,24 Hours,4000 - 7000
Titan Tennis Steel,Steel Town,Tennis,Outdoor,No,No,6 AM – 10 PM,1500 - 4000
Elite Football NV,Naval Colony,Football,Outdoor,No,No,4 PM – 1 AM,4000 - 7000
Active Football CLF,Clifton Block 2,Football,Outdoor,No,No,24 Hours,4000 - 7000
Omega Futsal CLF 2,Clifton Block 2,Futsal,Outdoor,No,No,24 Hours,3500 - 6000
Master Cricket LQT,Liaquatabad,Cricket Academy,Outdoor,No,No,7 AM – 11 PM,2000 - 5000
Flash Futsal NK 11,North Karachi 11,Futsal,Outdoor,No,No,24 Hours,3500 - 6000
Sonic Swim NV,Naval Colony,Swimming Pool,Mixed,Yes,No,24 Hours,500 - 2000
Titan Futsal NV,Naval Colony,Futsal,Outdoor,No,No,24 Hours,3500 - 6000
Flash Table Tennis Zone,Clifton Block 9,Table Tennis,Indoor,No,No,4:00 PM – 1:00 AM,300 - 800
Titan Badminton Complex,Clifton Block 5,Badminton,Indoor,No,No,4:00 PM – 1:00 AM,500 - 1500 
Wave Futsal Center,Steel Town,Futsal,Outdoor,No,No,8:00 AM – 8:00 PM,3500 - 6000 
Wave Tennis Complex,North Nazimabad M,Tennis,Outdoor,No,No,24 Hours,1500 - 4000
Zenith Padel Club,Gulshan Block 10,Padel,Outdoor,No,No,6:00 AM – 10:00 PM,4000 - 8000 
Silver Table Tennis,Johar Block 1,Table Tennis,Indoor,No,No,8:00 AM – 8:00 PM,300 - 800 
Titan Tennis Center,DHA Phase 8,Tennis,Outdoor,No,No,7:00 AM – 11:00 PM,1500 - 4000
Core Padel Pavilion,PECHS Block 2,Padel,Outdoor,No,No,7:00 AM – 11:00 PM,4000 - 8000 
Turbo Football Station,North Nazimabad H,Football,Outdoor,No,No,24 Hours,4000 - 7000 
Flash Basketball,Model Colony,Basketball,Outdoor,No,No,6:00 AM – 10:00 PM,1000 - 3000 
Rapid Badminton Courts,Garden West,Badminton,Indoor,No,No,8:00 AM – 8:00 PM,500 - 1500
Turbo Football Courts,Sindhi Muslim,Football,Outdoor,No,No,6:00 AM – 10:00 PM,4000 - 7000 
Power Padel Hub,Clifton Block 2,Padel,Outdoor,No,No,6:00 AM – 10:00 PM,4000 - 8000 
Titan Swimming Dome,DHA Phase 4,Swimming Pool,Mixed,Yes,No,7:00 AM – 11:00 PM,500 - 2000 
Wave Futsal Hub,DHA Phase 6,Futsal,Outdoor,No,No,24 Hours,3500 - 6000 
Rapid Basketball,Clifton Block 4,Basketball,Outdoor,No,No,24 Hours,1000 - 3000 
Power Tennis Center,Clifton Block 4,Tennis,Outdoor,No,No,6:00 AM – 10:00 PM,1500 - 4000 
Zenith Tennis Pavilion,DHA Phase 8,Tennis,Outdoor,No,No,6:00 AM – 10:00 PM,1500 - 4000 
Gold Football Complex,Saddar,Football,Outdoor,No,No,4:00 PM – 1:00 AM,4000 - 7000 
Turbo Table Tennis,Clifton Block 3,Table Tennis,Indoor,No,No,7:00 AM – 11:00 PM,300 - 800 
Quantum Football Spot,Model Colony,Football,Outdoor,No,No,7:00 AM – 11:00 PM,4000 - 7000
Pulse Padel Hub,DHA Phase 2,Padel,Outdoor,No,No,7:00 AM – 11:00 PM,4000 - 8000 
Solid Gym Hub,Tariq Road,Gym,Indoor,No,Yes,7:00 AM – 11:00 PM,3000 - 15000 
Core Gym Dome,Clifton Block 1,Gym,Indoor,No,Yes,6:00 AM – 10:00 PM,3000 - 15000
Wave Gym Complex,Gulshan Block 10,Gym,Indoor,No,Yes,6:00 AM – 10:00 PM,3000 - 15000
Zenith Futsal Center,Model Colony,Futsal,Outdoor,No,No,6:00 AM – 10:00 PM,3500 - 6000 
Orbit Badminton Spot,FB Area Block 6,Badminton,Indoor,No,No,8:00 AM – 8:00 PM,500 - 1500 
Pulse Badminton Dome,North Nazimabad H,Badminton,Indoor,No,No,24 Hours,500 - 1500 
Core Tennis Center,Liaquatabad,Tennis,Outdoor,No,No,7:00 AM – 11:00 PM,1500 - 4000 
Iron Futsal Pavilion,PECHS Block 3,Futsal,Outdoor,No,No,8:00 AM – 8:00 PM,3500 - 6000
Turbo Football Station,Defence View,Football,Outdoor,No,No,6:00 AM – 10:00 PM,4000 - 7000 
Star Basketball Center,PECHS Block 6,Basketball,Outdoor,No,No,6:00 AM – 10:00 PM,1000 - 3000
Solid Padel Dome,Gulshan Block 1,Padel,Outdoor,No,No,24 Hours,4000 - 8000
Turbo Table Tennis,PNS Karsaz,Table Tennis,Indoor,No,No,7:00 AM – 11:00 PM,300 - 800 
Wave Swimming Hub,North Nazimabad M,Swimming Pool,Mixed,Yes,No,6:00 AM – 10:00 PM,500 - 2000 
Solid Table Tennis,Johar Block 15,Table Tennis,Indoor,No,No,4:00 PM – 1:00 AM,300 - 800 
Iron Badminton Complex,Clifton Block 9,Badminton,Indoor,No,No,8:00 AM – 8:00 PM,500 - 1500 
Quantum Tennis Hub,Johar Block 1,Tennis,Outdoor,No,No,24 Hours,1500 - 4000 
Flash Swimming Zone,Surjani Town,Swimming Pool,Mixed,Yes,No,24 Hours,500 - 2000 
Flash Swimming Pool,DHA Phase 8,Swimming Pool,Mixed,Yes,No,8:00 AM – 8:00 PM,500 - 2000 
Pulse Gym Center,Johar Block 4,Gym,Indoor,No,Yes,6:00 AM – 10:00 PM,3000 - 15000
Fusion Football Arena,North Nazimabad L,Football,Outdoor,No,No,7:00 AM – 11:00 PM,4000 - 7000 
Titan Padel Club,North Karachi 11,Padel,Outdoor,No,No,24 Hours,4000 - 8000 
Zenith Cricket Arena,FB Area Block 15,Cricket Academy,Outdoor,No,No,7:00 AM – 11:00 PM,2000 - 5000
Silver Gym Arena,DHA Phase 5,Gym,Indoor,No,Yes,6:00 AM – 10:00 PM,3000 - 15000 
Zenith Swimming,DHA Phase 7,Swimming Pool,Mixed,Yes,No,24 Hours,500 - 2000 
Gold Table Tennis,DHA Phase 1,Table Tennis,Indoor,No,No,4:00 PM – 1:00 AM,300 - 800 
Titan Padel Point,PNS Karsaz,Padel,Outdoor,No,No,24 Hours,4000 - 8000
Rapid Badminton,Gulshan Block 7,Badminton,Indoor,No,No,4:00 PM – 1:00 AM,500 - 1500 
Direct Padel Zone,FB Area Block 15,Padel,Outdoor,No,No,6:00 AM – 10:00 PM,4000 - 8000 
Zenith Tennis Courts,North Nazimabad F,Tennis,Outdoor,No,No,7:00 AM – 11:00 PM,1500 - 4000 
Power Table Tennis,Johar Block 15,Table Tennis,Indoor,No,No,4:00 PM – 1:00 AM,300 - 800 
Quantum Swimming,North Nazimabad F,Swimming Pool,Mixed,Yes,No,6:00 AM – 10:00 PM,500 - 2000 
Vibe Cricket Complex,Defence View,Cricket Academy,Outdoor,No,No,6:00 AM – 10:00 PM,2000 - 5000 
Apex Swimming Point,Sindhi Muslim,Swimming Pool,Mixed,Yes,No,7:00 AM – 11:00 PM,500 - 2000 
Vibe Basketball Spot,Liaquatabad,Basketball,Outdoor,No,No,24 Hours,1000 - 3000
Turbo Swimming Pool,Clifton Block 9,Swimming Pool,Mixed,Yes,No,7:00 AM – 11:00 PM,500 - 2000 
Vibe Badminton Point,Baldia Town,Badminton,Indoor,No,No,6:00 AM – 10:00 PM,500 - 1500 
Wave Table Tennis,DHA Phase 7,Table Tennis,Indoor,No,No,24 Hours,300 - 800 
Vibe Gym Complex,Surjani Town,Gym,Indoor,No,Yes,4:00 PM – 1:00 AM,3000 - 15000 
Star Futsal Arena,Johar Block 1,Futsal,Outdoor,No,No,6:00 AM – 10:00 PM,3500 - 6000 
Gold Cricket Academy,DHA Phase 5,Cricket Academy,Outdoor,No,No,8:00 AM – 8:00 PM,2000 - 5000 
Solid Padel Point,DHA Phase 4,Padel,Outdoor,No,No,6:00 AM – 10:00 PM,4000 - 8000 
Turbo Football,DHA Phase 6,Football,Outdoor,No,No,6:00 AM – 10:00 PM,4000 - 7000 
Core Basketball Arena,Gulshan Block 1,Basketball,Outdoor,No,No,8:00 AM – 8:00 PM,1000 - 3000
Star Basketball Dome,Johar Block 12,Basketball,Outdoor,No,No,4:00 PM – 1:00 AM,1000 - 3000 
Direct Badminton,DHA Phase 5,Badminton,Indoor,No,No,8:00 AM – 8:00 PM,500 - 1500 
Power Table Tennis,FB Area Block 15,Table Tennis,Indoor,No,No,6:00 AM – 10:00 PM,300 - 800 
Fusion Table Tennis,PECHS Block 3,Table Tennis,Indoor,No,No,4:00 PM – 1:00 AM,300 - 800 
Star Basketball Club,DHA Phase 2,Basketball,Outdoor,No,No,4:00 PM – 1:00 AM,1000 - 3000 
Vibe Tennis Point,FB Area Block 15,Tennis,Outdoor,No,No,24 Hours,1500 - 4000
Power Football Dome,Garden West,Football,Outdoor,No,No,7:00 AM – 11:00 PM,4000 - 7000
Fusion Basketball,Landhi,Basketball,Outdoor,No,No,6:00 AM – 10:00 PM,1000 - 3000 
Rapid Gym Pavilion,DHA Phase 1,Gym,Indoor,No,Yes,6:00 AM – 10:00 PM,3000 - 15000
Solid Badminton Arena,Malir Cantt,Badminton,Indoor,No,No,7:00 AM – 11:00 PM,500 - 1500
Pulse Basketball,Clifton Block 1,Basketball,Outdoor,No,No,6:00 AM – 10:00 PM,1000 - 3000
Gold Basketball Dome,Gulshan Block 10,Basketball,Outdoor,No,No,4:00 PM – 1:00 AM,1000 - 3000 
Pulse Table Tennis,DHA Phase 5,Table Tennis,Indoor,No,No,4:00 PM – 1:00 AM,300 - 800 
Fusion Padel Center,PNS Karsaz,Padel,Outdoor,No,No,24 Hours,4000 - 8000 
Gold Futsal Station,North Nazimabad H,Futsal,Outdoor,No,No,6:00 AM – 10:00 PM,3500 - 6000 
Iron Tennis Station,DHA Phase 8,Tennis,Outdoor,No,No,6:00 AM – 10:00 PM,1500 - 4000
Turbo Gym Center,Clifton Block 1,Gym,Indoor,No,Yes,7:00 AM – 11:00 PM,3000 - 15000 
Power Padel Courts,North Nazimabad F,Padel,Outdoor,No,No,4:00 PM – 1:00 AM,4000 - 8000 
Quantum Basketball,North Karachi 11,Basketball,Outdoor,No,No,24 Hours,1000 - 3000 
Orbit Football Station,PECHS Block 3,Football,Outdoor,No,No,8:00 AM – 8:00 PM,4000 - 7000
Pulse Swimming Pool,Garden West,Swimming Pool,Mixed,Yes,No,6:00 AM – 10:00 PM,500 - 2000 
Solid Cricket Arena,Malir Cantt,Cricket Academy,Outdoor,No,No,24 Hours,2000 - 5000 
Ultimate Football,Johar Block 4,Football,Outdoor,No,No,4:00 PM – 1:00 AM,4000 - 7000 
Fusion Gym Center,DHA Phase 4,Gym,Indoor,No,Yes,7:00 AM – 11:00 PM,3000 - 15000 
Prime Gym Station,Tariq Road,Gym,Indoor,No,Yes,8:00 AM – 8:00 PM,3000 - 15000 
Flash Futsal Complex,Mehmoodabad,Futsal,Outdoor,No,No,6:00 AM – 10:00 PM,3500 - 6000 
Direct Tennis Courts,Clifton Block 4,Tennis,Outdoor,No,No,24 Hours,1500 - 4000
Pulse Padel Point,North Nazimabad B,Padel,Outdoor,No,No,4:00 PM – 1:00 AM,4000 - 8000 
Iron Gym Station,PECHS Block 2,Gym,Indoor,No,Yes,4:00 PM – 1:00 AM,3000 - 15000 
Prime Cricket Station,North Nazimabad H,Cricket Academy,Outdoor,No,No,7:00 AM – 11:00 PM,2000 - 5000 
Royal Swimming Pool,North Nazimabad B,Swimming Pool,Mixed,Yes,No,24 Hours,500 - 2000 
Apex Tennis Arena,Naval Colony,Tennis,Outdoor,No,No,6:00 AM – 10:00 PM,1500 - 4000 
Ultimate Padel Hub,DHA Phase 2,Padel,Outdoor,No,No,6:00 AM – 10:00 PM,4000 - 8000 
Direct Futsal Courts,FB Area Block 6,Futsal,Outdoor,No,No,8:00 AM – 8:00 PM,3500 - 6000
Apex Cricket Pavilion,Naval Colony,Cricket Academy,Outdoor,No,No,6:00 AM – 10:00 PM,2000 - 5000
Quantum Basketball,DHA Phase 7,Basketball,Outdoor,No,No,4:00 PM – 1:00 AM,1000 - 3000
Elite Padel Hub,North Karachi 11,Padel,Outdoor,No,No,24 Hours,4000 - 8000 
Active Football Arena,Saddar,Football,Outdoor,No,No,6:00 AM – 10:00 PM,4000 - 7000 
Flash Football Station,Gulshan Block 13,Football,Outdoor,No,No,8:00 AM – 8:00 PM,4000 - 7000 
Royal Basketball Hub,Clifton Block 9,Basketball,Outdoor,No,No,6:00 AM – 10:00 PM,1000 - 3000
Solid Tennis Pavilion,Mehmoodabad,Tennis,Outdoor,No,No,24 Hours,1500 - 4000 
Flash Swimming Pool,Baldia Town,Swimming Pool,Mixed,Yes,No,24 Hours,500 - 2000 
Active Swimming Point,North Karachi 11,Swimming Pool,Mixed,Yes,No,7:00 AM – 11:00 PM,500 - 2000 
Mighty Badminton Spot,FB Area Block 15,Badminton,Indoor,No,No,8:00 AM – 8:00 PM,500 - 1500 
Direct Gym Hub,Malir Cantt,Gym,Indoor,No,Yes,8:00 AM – 8:00 PM,3000 - 15000
Elite Football Station,North Karachi 11,Football,Outdoor,No,No,24 Hours,4000 - 7000 
Titan Futsal Complex,Orangi Town,Futsal,Outdoor,No,No,6:00 AM – 10:00 PM,3500 - 6000 
Solid Badminton Center,DHA Phase 5,Badminton,Indoor,No,No,7:00 AM – 11:00 PM,500 - 1500 
Ultimate Table Tennis,PECHS Block 6,Table Tennis,Indoor,No,No,7:00 AM – 11:00 PM,300 - 800 
Grand Basketball Spot,Clifton Block 2,Basketball,Outdoor,No,No,7:00 AM – 11:00 PM,1000 - 3000 
Pro Swimming Zone,DHA Phase 4,Swimming Pool,Mixed,Yes,No,6:00 AM – 10:00 PM,500 - 2000 
Quantum Tennis Club,Naval Colony,Tennis,Outdoor,No,No,8:00 AM – 8:00 PM,1500 - 4000 
Pro Futsal Station,Steel Town,Futsal,Outdoor,No,No,24 Hours,3500 - 6000 
Iron Football Courts,Surjani Town,Football,Outdoor,No,No,4:00 PM – 1:00 AM,4000 - 7000 
Apex Padel Point,Gulshan Block 7,Padel,Outdoor,No,No,24 Hours,4000 - 8000 
Solid Basketball Hub,Defence View,Basketball,Outdoor,No,No,7:00 AM – 11:00 PM,1000 - 3000
Zenith Badminton Arena,Clifton Block 2,Badminton,Indoor,No,No,6:00 AM – 10:00 PM,500 - 1500 
Pro Cricket Hub,DHA Phase 7,Cricket Academy,Outdoor,No,No,4:00 PM – 1:00 AM,2000 - 5000
Ultimate Swimming Hub,Liaquatabad,Swimming Pool,Mixed,Yes,No,4:00 PM – 1:00 AM,500 - 2000 
Direct Padel Complex,North Nazimabad L,Padel,Outdoor,No,No,24 Hours,4000 - 8000
Pro Football Station,Clifton Block 2,Football,Outdoor,No,No,24 Hours,4000 - 7000
Smart Tennis Courts,Federal B Area Block 6,Tennis,Outdoor,No,No,24 Hours,1500 - 4000 
Grand Gym Pavilion,Johar Block 12,Gym,Indoor,No,Yes,6:00 AM – 10:00 PM,3000 - 15000
Ultimate Table Tennis,Clifton Block 5,Table Tennis,Indoor,No,No,7:00 AM – 11:00 PM,300 - 800 
Flash Football Club,Steel Town,Football,Outdoor,No,No,8:00 AM – 8:00 PM,4000 - 7000
Elite Badminton Dome,North Karachi 11,Badminton,Indoor,No,No,6:00 AM – 10:00 PM,500 - 1500 
Titan Football Hub,Naval Colony,Football,Outdoor,No,No,4:00 PM – 1:00 AM,4000 - 7000
Ace Swimming Hub,Surjani Town,Swimming Pool,Mixed,Yes,No,8:00 AM – 8:00 PM,500 - 2000 
Smart Gym Hub,Garden East,Gym,Indoor,No,Yes,6:00 AM – 10:00 PM,3000 - 15000
Flash Cricket Arena,PECHS Block 3,Cricket Academy,Outdoor,No,No,4:00 PM – 1:00 AM,2000 - 5000 
Direct Gym Spot,Clifton Block 1,Gym,Indoor,No,Yes,4:00 PM – 1:00 AM,3000 - 15000 
Flash Cricket Point,Saddar,Cricket Academy,Outdoor,No,No,24 Hours,2000 - 5000 
Pro Basketball Arena,Gulshan Block 15,Basketball,Outdoor,No,No,8:00 AM – 8:00 PM,1000 - 3000
Iron Tennis Pavilion,Gulistan-e-Johar Block 1,Tennis,Outdoor,No,No,24 Hours,1500 - 4000
Prime Tennis Pavilion,Mehmoodabad,Tennis,Outdoor,No,No,7:00 AM – 11:00 PM,1500 - 4000 
Active Football Station,Clifton Block 5,Football,Outdoor,No,No,24 Hours,4000 - 7000
Core Gym Station,Clifton Block 1,Gym,Indoor,No,Yes,4:00 PM – 1:00 AM,3000 - 15000 
Vibe Futsal Arena,North Nazimabad Block H,Futsal,Outdoor,No,No,7:00 AM – 11:00 PM,3500 - 6000
Gold Badminton Dome,Tariq Road,Badminton,Indoor,No,No,7:00 AM – 11:00 PM,500 - 1500 
Active Basketball Hub,Federal B Area Block 15,Basketball,Outdoor,No,No,24 Hours,1000 - 3000 
Orbit Gym Pavilion,North Nazimabad Block H,Gym,Indoor,No,Yes,24 Hours,3000 - 15000 
Peak Football Spot,FB Area Block 6,Football,Outdoor,No,No,6:00 AM – 10:00 PM,4000 - 7000 
Grand Cricket Station,Clifton Block 2,Cricket Academy,Outdoor,No,No,8:00 AM – 8:00 PM,2000 - 5000 
Swift Badminton Club,North Nazimabad Block F,Badminton,Indoor,No,No,24 Hours,500 - 1500
Elite Gym Pavilion,Gulshan-e-Iqbal Block 10,Gym,Indoor,No,Yes,24 Hours,3000 - 15000 
Flash Padel Hub,Steel Town,Padel,Outdoor,No,No,7:00 AM – 11:00 PM,4000 - 8000
Flash Badminton Point,Gulistan-e-Johar Block 15,Badminton,Indoor,No,No,8:00 AM – 8:00 PM,500 - 1500
Pro Swimming Hub,North Nazimabad Block L,Swimming Pool,Mixed,Yes,No,7:00 AM – 11:00 PM,500 - 2000 
Gold Cricket Academy,Malir Cantt,Cricket Academy,Outdoor,No,No,4:00 PM – 1:00 AM,2000 - 5000 
Solid Tennis Hub,Surjani Town,Tennis,Outdoor,No,No,24 Hours,1500 - 4000 
Mighty Badminton Station,North Nazimabad Block B,Badminton,Indoor,No,No,6:00 AM – 10:00 PM,500 - 1500 
Vibe Badminton Hub,North Karachi Sector 11,Badminton,Indoor,No,No,4:00 PM – 1:00 AM,500 - 1500 
Direct Gym Arena,DHA Phase 4,Gym,Indoor,No,Yes,8:00 AM – 8:00 PM,3000 - 15000
Mega Swimming Pool,Defence View,Swimming Pool,Mixed,Yes,No,7:00 AM – 11:00 PM,500 - 2000 
Swift Football Spot,Clifton Block 2,Football,Outdoor,No,No,4:00 PM – 1:00 AM,4000 - 7000 
Core Swimming Point,Malir Cantt,Swimming Pool,Mixed,Yes,No,6:00 AM – 10:00 PM,500 - 2000 
Master Gym Arena,DHA Phase 2,Gym,Indoor,No,Yes,4:00 PM – 1:00 AM,3000 - 15000 
Apex Tennis Pavilion,Clifton Block 9,Tennis,Outdoor,No,No,24 Hours,1500 - 4000 
Ultimate Football Hub,Naval Colony,Football,Outdoor,No,No,24 Hours,4000 - 7000 
Global Football Zone,Gulshan-e-Iqbal Block 1,Football,Outdoor,No,No,24 Hours,4000 - 7000 
Power Tennis Spot,PECHS Block 2,Tennis,Outdoor,No,No,24 Hours,1500 - 4000 
Elite Basketball Hub,Federal B Area Block 15,Basketball,Outdoor,No,No,8:00 AM – 8:00 PM,1000 - 3000 
Swift Gym Hub,Garden West,Gym,Indoor,No,Yes,6:00 AM – 10:00 PM,3000 - 15000 
Solid Gym pavilion,North Nazimabad Block L,Gym,Indoor,No,Yes,4:00 PM – 1:00 AM,3000 - 15000
Zenith Basketball Hub,Clifton Block 5,Basketball,Outdoor,No,No,7:00 AM – 11:00 PM,1000 - 3000 
Gold Swimming Pool Hub,FB Area Block 15,Swimming Pool,Mixed,Yes,No,4:00 PM – 1:00 AM,500 - 2000 
Swift Football Station,Clifton Block 4,Football,Outdoor,No,No,7:00 AM – 11:00 PM,4000 - 7000 
Prime Swimming Pavilion,Steel Town,Swimming Pool,Mixed,Yes,No,6:00 AM – 10:00 PM,500 - 2000 
Rapid Table Tennis,DHA Phase 5,Table Tennis,Indoor,No,No,24 Hours,300 - 800 
Titan Cricket Complex,Orangi Town,Cricket Academy,Outdoor,No,No,7:00 AM – 11:00 PM,2000 - 5000
Pro Swimming Hub,North Nazimabad Block H,Swimming Pool,Mixed,Yes,No,4:00 PM – 1:00 AM,500 - 2000 
Direct Basketball Point,Clifton Block 2,Basketball,Outdoor,No,No,7:00 AM – 11:00 PM,1000 - 3000 
Ace Swimming Hub,Orangi Town,Swimming Pool,Mixed,Yes,No,24 Hours,500 - 2000 
Pro Gym Spot,PECHS Block 3,Gym,Indoor,No,Yes,24 Hours,3000 - 15000 
Mighty Tennis Hub,Surjani Town,Tennis,Outdoor,No,No,8:00 AM – 8:00 PM,1500 - 4000
Pro Basketball Center,Naval Colony,Basketball,Outdoor,No,No,8:00 AM – 8:00 PM,1000 - 3000
Titan Cricket Arena,Clifton Block 3,Cricket Academy,Outdoor,No,No,7:00 AM – 11:00 PM,2000 - 5000
Grand Basketball Arena,Clifton Block 2,Basketball,Outdoor,No,No,24 Hours,1000 - 3000 
Titan Tennis Pavilion,Saddar,Tennis,Outdoor,No,No,7:00 AM – 11:00 PM,1500 - 4000 
Flash Football Station,DHA Phase 8,Football,Outdoor,No,No,4:00 PM – 1:00 AM,4000 - 7000
Active Futsal Club,PECHS Block 3,Futsal,Outdoor,No,No,7:00 AM – 11:00 PM,3500 - 6000 
Direct Padel Arena,Gulistan-e-Johar Block 1,Padel,Outdoor,No,No,4:00 PM – 1:00 AM,4000 - 8000
Sonic Padel Hub,Naval Colony,Padel,Outdoor,No,No,4:00 PM – 1:00 AM,4000 - 8000
Active Gym Station,Naval Colony,Gym,Indoor,No,Yes,7:00 AM – 11:00 PM,3000 - 15000 
Fusion Gym Center,Clifton Block 3,Gym,Indoor,No,Yes,8:00 AM – 8:00 PM,3000 - 15000 
Direct Gym Hub,Clifton Block 2,Gym,Indoor,No,Yes,24 Hours,3000 - 15000 
Delta Padel Complex,DHA Phase 6,Padel,Outdoor,No,No,7:00 AM – 11:00 PM,4000 - 8000
Mighty Gym Arena,DHA Phase 6,Gym,Indoor,No,Yes,6:00 AM – 10:00 PM,3000 - 15000 
Master Tennis Complex,Malir Cantt,Tennis,Outdoor,No,No,7:00 AM – 11:00 PM,1500 - 4000 
Direct Basketball Point,Tariq Road,Basketball,Outdoor,No,No,4:00 PM – 1:00 AM,1000 - 3000
Quantum Table Tennis Hub,Gulistan-e-Johar Block 1,Table Tennis,Indoor,No,No,8:00 AM – 8:00 PM,300 - 800 
Omega Gym Center,DHA Phase 2,Gym,Indoor,No,Yes,4:00 PM – 1:00 AM,3000 - 15000 
Orbit Gym Point,Clifton Block 1,Gym,Indoor,No,Yes,7:00 AM – 11:00 PM,3000 - 15000
Active Football Center,Gulshan-e-Iqbal Block 1,Football,Outdoor,No,No,7:00 AM – 11:00 PM,4000 - 7000 
Delta Table Tennis Hub,North Nazimabad Block H,Table Tennis,Indoor,No,No,4:00 PM – 1:00 AM,300 - 800 
Elite Basketball Point,DHA Phase 8,Basketball,Outdoor,No,No,7:00 AM – 11:00 PM,1000 - 3000 
Vector Basketball Dome,Clifton Block 2,Basketball,Outdoor,No,No,24 Hours,1000 - 3000
Core Gym Pavilion,North Karachi Sector 11,Gym,Indoor,No,Yes,24 Hours,3000 - 15000
Omega Futsal Complex,Orangi Town,Futsal,Outdoor,No,No,6:00 AM – 10:00 PM,3500 - 6000 
Solar Swimming Pool Hub,Bahadurabad,Swimming Pool,Indoor/Outdoor,Yes,No,8:00 AM – 8:00 PM,500 - 2000 
Sigma Basketball Station,FB Area Block 15,Basketball,Outdoor,No,No,4:00 PM – 1:00 AM,1000 - 3000 
Orbit Padel Pavilion,Clifton Block 4,Padel,Outdoor,No,No,6:00 AM – 10:00 PM,4000 - 8000 
Core Tennis Center,Gulistan-e-Johar Block 4,Tennis,Outdoor,No,No,4:00 PM – 1:00 AM,1500 - 4000 
Pulse Tennis Courts,Clifton Block 9,Tennis,Outdoor,No,No,7:00 AM – 11:00 PM,1500 - 4000 
Pro Swimming Pavilion,North Nazimabad Block M,Swimming Pool,Mixed,Yes,No,24 Hours,500 - 2000 
Fusion Cricket Arena,PECHS Block 2,Cricket Academy,Outdoor,No,No,24 Hours,2000 - 5000
Master Cricket Station,North Karachi Sector 11,Cricket Academy,Outdoor,No,No,4:00 PM – 1:00 AM,2000 - 5000
Sigma Gym Club,Tariq Road,Gym,Indoor,No,Yes,7:00 AM – 11:00 PM,3000 - 15000 
Vector Gym Hub,PECHS Block 3,Gym,Indoor,No,Yes,4:00 PM – 1:00 AM,3000 - 15000 
Alpha Football Arena,Steel Town,Football,Outdoor,No,No,7:00 AM – 11:00 PM,4000 - 7000
Sonic Gym Center,DHA Phase 2,Gym,Indoor,No,Yes,4:00 PM – 1:00 AM,3000 - 15000
Vector Gym Center,Clifton Block 3,Gym,Indoor,No,Yes,24 Hours,3000 - 15000
Alpha Swimming Hub,Surjani Town,Swimming Pool,Mixed,Yes,No,6:00 AM – 10:00 PM,500 - 2000
Delta Cricket Academy,Clifton Block 3,Cricket Academy,Outdoor,No,No,24 Hours,2000 - 5000 
Sigma Badminton Hub,North Karachi Sector 11,Badminton,Indoor,No,No,7:00 AM – 11:00 PM,500 - 1500 
Ultra Gym Point,Defence View,Gym,Indoor,No,Yes,7:00 AM – 11:00 PM,3000 - 15000 
Orbit Tennis Station,Garden West,Tennis,Outdoor,No,No,4:00 PM – 1:00 AM,1500 - 4000
Quantum Football Arena,DHA Phase 4,Football,Outdoor,No,No,24 Hours,4000 - 7000 
Delta Tennis Complex,Saddar,Tennis,Outdoor,No,No,6:00 AM – 10:00 PM,1500 - 4000 
Solar Basketball Station,Model Colony,Basketball,Outdoor,No,No,8:00 AM – 8:00 PM,1000 - 3000
Vibe Futsal Point,Garden West,Futsal,Outdoor,No,No,4:00 PM – 1:00 AM,3500 - 6000
Elite Basketball Hub,Clifton Block 9,Basketball,Outdoor,No,No,7:00 AM – 11:00 PM,1000 - 3000
Star Cricket Arena,Naval Colony,Cricket Academy,Outdoor,No,No,24 Hours,2000 - 5000
Apex Tennis Club,North Nazimabad L,Tennis,Outdoor,No,No,6:00 AM – 10:00 PM,1500 - 4000
Solid Swimming Hub,Surjani Town,Swimming Pool,Mixed,Yes,No,7:00 AM – 11:00 PM,500 - 2000
Swift Gym Point,Bahadurabad,Gym,Indoor,No,Yes,8:00 AM – 8:00 PM,3000 - 15000
Core Gym Station,PECHS Block 2,Gym,Indoor,No,Yes,24 Hours,3000 - 15000
Pulse Tennis Courts,Clifton Block 5,Tennis,Outdoor,No,No,6:00 AM – 10:00 PM,1500 - 4000
Mighty Padel Arena,DHA Phase 4,Padel,Outdoor,No,No,4:00 PM – 1:00 AM,4000 - 8000
Orbit Gym Hub,Malir Cantt,Gym,Indoor,No,Yes,7:00 AM – 11:00 PM,3000 - 15000
Quantum TT Zone,Orangi Town,Table Tennis,Indoor,No,No,8:00 AM – 8:00 PM,300 - 800
Flash Football Dome,Steel Town,Football,Outdoor,No,No,24 Hours,4000 - 7000
Direct Basketball,Saddar,Basketball,Outdoor,No,No,6:00 AM – 10:00 PM,1000 - 3000
Alpha Tennis Point,DHA Phase 6,Tennis,Outdoor,No,No,7:00 AM – 11:00 PM,1500 - 4000
Sigma Padel Station,Clifton Block 2,Padel,Outdoor,No,No,4:00 PM – 1:00 AM,4000 - 8000
Mega Futsal Pavilion,Johar Block 15,Futsal,Outdoor,No,No,24 Hours,3500 - 6000
Titan Cricket Hub,Malir Cantt,Cricket Academy,Outdoor,No,No,6:00 AM – 10:00 PM,2000 - 5000
Core TT Pavilion,Defence View,Table Tennis,Indoor,No,No,7:00 AM – 11:00 PM,300 - 800
Vibe Basketball,KDA Scheme 1,Basketball,Outdoor,No,No,8:00 AM – 8:00 PM,1000 - 3000
Rapid Tennis Arena,Naval Colony,Tennis,Outdoor,No,No,24 Hours,1500 - 4000
Direct Gym Spot,Clifton Block 1,Gym,Indoor,No,Yes,6:00 AM – 10:00 PM,3000 - 15000
Elite TT Station,PNS Karsaz,Table Tennis,Indoor,No,No,4:00 PM – 1:00 AM,300 - 800
Master Padel Hub,DHA Phase 8,Padel,Outdoor,No,No,7:00 AM – 11:00 PM,4000 - 8000
Swift Swim Point,Johar Block 4,Swimming Pool,Mixed,Yes,No,6:00 AM – 10:00 PM,500 - 2000
Smart Futsal Dome,North Karachi 11,Futsal,Outdoor,No,No,24 Hours,3500 - 6000
Ace Cricket Zone,DHA Phase 5,Cricket Academy,Outdoor,No,No,8:00 AM – 8:00 PM,2000 - 5000
Direct Padel Station,North Nazimabad B,Padel,Outdoor,No,No,6:00 AM – 10:00 PM,4000 - 8000
Orbit TT Club,Liaquatabad,Table Tennis,Indoor,No,No,24 Hours,300 - 800
Pro Football Arena,PECHS Block 3,Football,Outdoor,No,No,7:00 AM – 11:00 PM,4000 - 7000
Zenith Basketball,North Karachi 11,Basketball,Outdoor,No,No,8:00 AM – 11:00 PM,1000 - 3000
Power Tennis Hub,Tariq Road,Tennis,Outdoor,No,No,4:00 PM – 1:00 AM,1500 - 4000
Titan Futsal Hub,Clifton Block 4,Futsal,Outdoor,No,No,6:00 AM – 10:00 PM,3500 - 6000
Sigma Basketball,DHA Phase 1,Basketball,Outdoor,No,No,24 Hours,1000 - 3000
Master Gym Arena,Gulshan Block 7,Gym,Indoor,No,Yes,6:00 AM – 10:00 PM,3000 - 15000
Star Swim Complex,Defence View,Swimming Pool,Mixed,Yes,No,4:00 PM – 1:00 AM,500 - 2000
Rapid Padel Center,FB Area Block 6,Padel,Outdoor,No,No,24 Hours,4000 - 8000
Titan Football Station,Surjani Town,Football,Outdoor,No,No,6:00 AM – 10:00 PM,4000 - 7000
Sonic Gym Pavilion,Garden West,Gym,Indoor,No,Yes,8:00 AM – 11:00 PM,3000 - 15000
Swift Futsal Pavilion,North Nazimabad F,Futsal,Outdoor,No,No,4:00 PM – 1:00 AM,3500 - 6000
Lunar Tennis Point,Johar Block 12,Tennis,Outdoor,No,No,7:00 AM – 11:00 PM,1500 - 4000
Mighty Swim Station,Saddar,Swimming Pool,Mixed,Yes,No,24 Hours,500 - 2000
Orbit Badminton Zone,DHA Phase 2,Badminton,Indoor,No,No,6:00 AM – 10:00 PM,500 - 1500
Solid Gym point,FB Area Block 15,Gym,Indoor,No,Yes,7:00 AM – 11:00 PM,3000 - 15000
Gold Cricket Pavilion,Clifton Block 1,Cricket Academy,Outdoor,No,No,8:00 AM – 8:00 PM,2000 - 5000
Core Football Club,Malir Cantt,Football,Outdoor,No,No,24 Hours,4000 - 7000
Direct Tennis Hub,Tariq Road,Tennis,Outdoor,No,No,6:00 AM – 10:00 PM,1500 - 4000
Flash Gym Point,Gulshan Block 10,Gym,Indoor,No,Yes,4:00 PM – 1:00 AM,3000 - 15000
Iron Basketball,Surjani Town,Basketball,Outdoor,No,No,6:00 AM – 10:00 PM,1000 - 3000
Solid TT Zone,Orangi Town,Table Tennis,Indoor,No,No,8:00 AM – 11:00 PM,300 - 800
Grand Cricket Station,Sindhi Muslim,Cricket Academy,Outdoor,No,No,24 Hours,2000 - 5000
Quantum Futsal Club,DHA Phase 4,Futsal,Outdoor,No,No,7:00 AM – 11:00 PM,3500 - 6000
Peak Gym Station,Steel Town,Gym,Indoor,No,Yes,4:00 PM – 1:00 AM,3000 - 15000
Direct Padel Dome,Clifton Block 9,Padel,Outdoor,No,No,24 Hours,4000 - 8000
Vibe TT Pavilion,Malir Cantt,Table Tennis,Indoor,No,No,6:00 AM – 10:00 PM,300 - 800
Ultra Basketball Hub,Clifton Block 1,Basketball,Outdoor,No,No,7:00 AM – 11:00 PM,1000 - 3000
Rapid Swim Center,North Karachi 11,Swimming Pool,Mixed,Yes,No,24 Hours,500 - 2000
Sonic Cricket Dome,PNS Karsaz,Cricket Academy,Outdoor,No,No,8:00 AM – 8:00 PM,2000 - 5000
Apex Football Club,Garden East,Football,Outdoor,No,No,6:00 AM – 10:00 PM,4000 - 7000
Omega Gym Hub,PECHS Block 6,Gym,Indoor,No,Yes,4:00 PM – 1:00 AM,3000 - 15000
Solid Swim Pavilion,North Nazimabad B,Swimming Pool,Mixed,Yes,No,7:00 AM – 11:00 PM,500 - 2000
Core TT Station,KDA Scheme 1,Table Tennis,Indoor,No,No,24 Hours,300 - 800
Delta Badminton Spot,Gulshan Block 13,Badminton,Indoor,No,No,6:00 AM – 10:00 PM,500 - 1500
Flash Futsal Point,Johar Block 15,Futsal,Outdoor,No,No,8:00 AM – 11:00 PM,3500 - 6000
Ultimate Cricket Hub,Naval Colony,Cricket Academy,Outdoor,No,No,4:00 PM – 1:00 AM,2000 - 5000
Global Padel Hub,Defence View,Padel,Outdoor,No,No,7:00 AM – 11:00 PM,4000 - 8000
Mighty Gym Pavilion,DHA Phase 8,Gym,Indoor,No,Yes,6:00 AM – 10:00 PM,3000 - 15000
Elite Tennis Point,Saddar,Tennis,Outdoor,No,No,24 Hours,1500 - 4000
Alpha Swim Dome,Clifton Block 3,Swimming Pool,Mixed,Yes,No,4:00 PM – 1:00 AM,500 - 2000
Solid Padel Station,Johar Block 1,Padel,Outdoor,No,No,7:00 AM – 11:00 PM,4000 - 8000
Fusion Gym Center,DHA Phase 1,Gym,Indoor,No,Yes,8:00 AM – 8:00 PM,3000 - 15000
Quantum Football Station,North Nazimabad L,Football,Outdoor,No,No,6:00 AM – 10:00 PM,4000 - 7000
Titan Swim Center,Garden West,Swimming Pool,Mixed,Yes,No,24 Hours,500 - 2000
Mighty Futsal Arena,North Nazimabad H,Futsal,Outdoor,No,No,7:00 AM – 11:00 PM,3500 - 6000
Grand Basketball Club,Clifton Block 2,Basketball,Outdoor,No,No,4:00 PM – 1:00 AM,1000 - 3000
Master Padel Point,DHA Phase 2,Padel,Outdoor,No,No,6:00 AM – 10:00 PM,4000 - 8000
Direct Swim Hub,North Karachi 11,Swimming Pool,Mixed,Yes,No,8:00 AM – 8:00 PM,500 - 2000
Elite Gym Pavilion,Gulshan Block 1,Gym,Indoor,No,Yes,24 Hours,3000 - 15000
Swift Basketball Point,PECHS Block 3,Basketball,Outdoor,No,No,7:00 AM – 11:00 PM,1000 - 3000
Direct Cricket Point,Naval Colony,Cricket Academy,Outdoor,No,No,6:00 AM – 10:00 PM,2000 - 5000
Delta TT Complex,Saddar,Table Tennis,Indoor,No,No,4:00 PM – 1:00 AM,300 - 800
Smart Gym Dome,Surjani Town,Gym,Indoor,No,Yes,8:00 AM – 11:00 PM,3000 - 15000
Core Padel Point,Liaquatabad,Padel,Outdoor,No,No,24 Hours,4000 - 8000
Rapid Futsal Complex,Malir Cantt,Futsal,Outdoor,No,No,6:00 AM – 10:00 PM,3500 - 6000
Iron Football Spot,Clifton Block 4,Football,Outdoor,No,No,7:00 AM – 11:00 PM,4000 - 7000
Ace Basketball Center,DHA Phase 7,Basketball,Outdoor,No,No,8:00 AM – 8:00 PM,1000 - 3000
Pulse Tennis Spot,DHA Phase 1,Tennis,Outdoor,No,No,24 Hours,1500 - 4000
Swift Gym Hub,Gulshan Block 13,Gym,Indoor,No,Yes,6:00 AM – 10:00 PM,3000 - 15000
Power Padel Club,Naval Colony,Padel,Outdoor,No,No,4:00 PM – 1:00 AM,4000 - 8000
Facility Name,Area / Location,Sports Offered,Indoor / Outdoor,Pool,Gym,Opening Hours,Rate (PKR)
Swift Gym,PNS Karsaz,Gym,Indoor,No,Yes,6:00 AM – 10:00 PM,3000-15000
Zenith Badminton,North Nazimabad L,Badminton,Indoor,No,No,4:00 PM – 1:00 AM,500-1500 
Ace Football Turf,Johar Block 1,Football,Outdoor,No,No,6:00 AM – 10:00 PM,4000-7000 
City Cricket Hub,North Nazimabad H,Cricket Academy,Outdoor,No,No,6:00 AM – 10:00 PM,2000-5000 
Grand Badminton,Gulshan Block 15,Badminton,Indoor,No,No,24 Hours,500-1500 
Royal Basketball,PECHS Block 6,Basketball,Outdoor,No,No,4:00 PM – 1:00 AM,1000-3000
Titan Badminton,Clifton Block 5,Badminton,Indoor,No,No,4:00 PM – 1:00 AM,500-1500 
Zenith Badminton,Naval Colony,Badminton,Indoor,No,No,24 Hours,500-1500 
Xtreme Futsal,Defence View,Futsal,Outdoor,No,No,6:00 AM – 10:00 PM,3500-6000
Ultimate Basketball,FB Area Block 6,Basketball,Outdoor,No,No,8:00 AM – 8:00 PM,1000-3000
Smart Futsal Arena,North Nazimabad F,Futsal,Outdoor,No,No,24 Hours,3500-6000 
Xtreme TT Spot,FB Area Block 6,Table Tennis,Indoor,No,No,7:00 AM – 11:00 PM,300-800 
Royal Table Tennis,North Nazimabad B,Table Tennis,Indoor,No,No,6:00 AM – 10:00 PM,300-800 
Xtreme Badminton,FB Area Block 15,Badminton,Indoor,No,No,24 Hours,500-1500 
Dynamic Gym,DHA Phase 6,Gym,Indoor,No,Yes,24 Hours,3000-15000 
Ultimate Football,Naval Colony,Football,Outdoor,No,No,6:00 AM – 10:00 PM,4000-7000 
Royal Padel Court,FB Area Block 6,Padel,Outdoor,No,No,6:00 AM – 10:00 PM,4000-8000 
Peak Padel Court,DHA Phase 6,Padel,Outdoor,No,No,24 Hours,4000-8000
Iron Badminton,PECHS Block 3,Badminton,Indoor,No,No,6:00 AM – 10:00 PM,500-1500 
Royal Tennis,Clifton Block 3,Tennis,Outdoor,No,No,24 Hours,1500-4000 
Elite Badminton,Malir Cantt,Badminton,Indoor,No,No,8:00 AM – 8:00 PM,500-1500
City Padel Court,Johar Block 15,Padel,Outdoor,No,No,4:00 PM – 1:00 AM,4000-8000 
Ace Badminton,Landhi,Badminton,Indoor,No,No,7:00 AM – 11:00 PM,500-1500 
Ultimate Futsal,DHA Phase 2,Futsal,Outdoor,No,No,4:00 PM – 1:00 AM,3500-6000 
Star Football Turf,PECHS Block 3,Football,Outdoor,No,No,6:00 AM – 10:00 PM,4000-7000 
Ace Swim Hub,Sindhi Muslim,Swimming Pool,Mixed,Yes,No,4:00 PM – 1:00 AM,500-2000 
Smart Cricket,FB Area Block 15,Cricket Academy,Outdoor,No,No,4:00 PM – 1:00 AM,2000-5000 
Mega Cricket Hub,Clifton Block 1,Cricket Academy,Outdoor,No,No,6:00 AM – 10:00 PM,2000-5000 
Royal TT Spot,Clifton Block 5,Table Tennis,Indoor,No,No,6:00 AM – 10:00 PM,300-800 
City Badminton,Surjani Town,Badminton,Indoor,No,No,6:00 AM – 10:00 PM,500-1500 
Smart Football,Garden East,Football,Outdoor,No,No,24 Hours,4000-7000 
Ultimate Padel,Baldia Town,Padel,Outdoor,No,No,24 Hours,4000-8000 
Grand Football,Gulshan Block 7,Football,Outdoor,No,No,7:00 AM – 11:00 PM,4000-7000
Titan Padel Court,Gulshan Block 10,Padel,Outdoor,No,No,6:00 AM – 10:00 PM,4000-8000 
Iron Badminton,Garden West,Badminton,Indoor,No,No,24 Hours,500-1500 
Star Table Tennis,Naval Colony,Table Tennis,Indoor,No,No,7:00 AM – 11:00 PM,300-800
Titan Swim Hub,PECHS Block 6,Swimming Pool,Mixed,Yes,No,8:00 AM – 8:00 PM,500-2000 
Xtreme Basketball,Sindhi Muslim,Basketball,Outdoor,No,No,8:00 AM – 8:00 PM,1000-3000 
Global Futsal,Clifton Block 2,Futsal,Outdoor,No,No,6:00 AM – 10:00 PM,3500-6000 
Zenith TT Spot,Model Colony,Table Tennis,Indoor,No,No,24 Hours,300-800 
Star Padel Court,Sindhi Muslim,Padel,Outdoor,No,No,8:00 AM – 8:00 PM,4000-8000 
Mega Padel Court,Sindhi Muslim,Padel,Outdoor,No,No,4:00 PM – 1:00 AM,4000-8000 
Grand Football,DHA Phase 5,Football,Outdoor,No,No,8:00 AM – 8:00 PM,4000-7000 
Ultimate Padel,North Nazimabad L,Padel,Outdoor,No,No,7:00 AM – 11:00 PM,4000-8000 
Peak Badminton,Baldia Town,Badminton,Indoor,No,No,24 Hours,500-1500 
Elite Football,North Nazimabad H,Football,Outdoor,No,No,24 Hours,4000-7000 
Star Cricket,Korangi Industrial,Cricket Academy,Outdoor,No,No,24 Hours,2000-5000
Smart Padel Court,Korangi Industrial,Padel,Outdoor,No,No,8:00 AM – 8:00 PM,4000-8000 
Zenith Football,DHA Phase 7,Football,Outdoor,No,No,7:00 AM – 11:00 PM,4000-7000 
Mega Tennis,Liaquatabad,Tennis,Outdoor,No,No,7:00 AM – 11:00 PM,1500-4000 
Power Tennis,Defence View,Tennis,Outdoor,No,No,24 Hours,1500-4000 
Active Tennis,DHA Phase 4,Tennis,Outdoor,No,No,6:00 AM – 10:00 PM,1500-4000 
Iron Gym,Landhi,Gym,Indoor,No,Yes,24 Hours,3000-15000 
Iron Cricket,Sindhi Muslim,Cricket Academy,Outdoor,No,No,4:00 PM – 1:00 AM,2000-5000
Active Tennis,Korangi Industrial,Tennis,Outdoor,No,No,4:00 PM – 1:00 AM,1500-4000 
Smart Football,North Nazimabad H,Football,Outdoor,No,No,4:00 PM – 1:00 AM,4000-7000
Dynamic Cricket,Naval Colony,Cricket Academy,Outdoor,No,No,24 Hours,2000-5000 
Pro Table Tennis,DHA Phase 6,Table Tennis,Indoor,No,No,7:00 AM – 11:00 PM,300-800 
Titan Table Tennis,Bahadurabad,Table Tennis,Indoor,No,No,4:00 PM – 1:00 AM,300-800 
Power Cricket,North Nazimabad M,Cricket Academy,Outdoor,No,No,7:00 AM – 11:00 PM,2000-5000 
Global Badminton,Baldia Town,Badminton,Indoor,No,No,24 Hours,500-1500 
City Basketball,Clifton Block 2,Basketball,Outdoor,No,No,8:00 AM – 8:00 PM,1000-3000 
Global Football,DHA Phase 8,Football,Outdoor,No,No,7:00 AM – 11:00 PM,4000-7000 
Ace Table Tennis,Clifton Block 1,Table Tennis,Indoor,No,No,4:00 PM – 1:00 AM,300-800 
Grand Cricket,Clifton Block 3,Cricket Academy,Outdoor,No,No,6:00 AM – 10:00 PM,2000-5000 
Power Swim Hub,PECHS Block 3,Swimming Pool,Mixed,Yes,No,4:00 PM – 1:00 AM,500-2000 
Global Cricket,Clifton Block 4,Cricket Academy,Outdoor,No,No,8:00 AM – 8:00 PM,2000-5000 
Ultimate Badminton,Clifton Block 9,Badminton,Indoor,No,No,4:00 PM – 1:00 AM,500-1500 
Titan Football,Model Colony,Football,Outdoor,No,No,24 Hours,4000-7000 
Elite Table Tennis,DHA Phase 2,Table Tennis,Indoor,No,No,4:00 PM – 1:00 AM,300-800 
Peak Football,Model Colony,Football,Outdoor,No,No,7:00 AM – 11:00 PM,4000-7000 
Pro Tennis,North Nazimabad B,Tennis,Outdoor,No,No,6:00 AM – 10:00 PM,1500-4000
Power Swim Hub,Johar Block 4,Swimming Pool,Mixed,Yes,No,4:00 PM – 1:00 AM,500-2000 
Active Swim Hub,Garden East,Swimming Pool,Mixed,Yes,No,6:00 AM – 10:00 PM,500-2000 
Ace Basketball,Clifton Block 2,Basketball,Outdoor,No,No,24 Hours,1000-3000
Pro Basketball,PECHS Block 2,Basketball,Outdoor,No,No,4:00 PM – 1:00 AM,1000-3000 
Star Gym,Saddar,Gym,Indoor,No,Yes,7:00 AM – 11:00 PM,3000-15000 
Smart Badminton,Garden West,Badminton,Indoor,No,No,6:00 AM – 10:00 PM,500-1500 
Royal Basketball,Johar Block 12,Basketball,Outdoor,No,No,8:00 AM – 8:00 PM,1000-3000 
Power Swim Hub,Steel Town,Swimming Pool,Mixed,Yes,No,8:00 AM – 8:00 PM,500-2000
Grand Futsal Arena,Clifton Block 2,Futsal,Outdoor,No,No,4:00 PM – 1:00 AM,3500-6000 
Global Badminton,PNS Karsaz,Badminton,Indoor,No,No,8:00 AM – 8:00 PM,500-1500 
Mega Badminton,Tariq Road,Badminton,Indoor,No,No,7:00 AM – 11:00 PM,500-1500
Dynamic Tennis,Johar Block 12,Tennis,Outdoor,No,No,8:00 AM – 8:00 PM,1500-4000 
Pro Gym,DHA Phase 4,Gym,Indoor,No,Yes,7:00 AM – 11:00 PM,3000-15000 
Titan Badminton,Naval Colony,Badminton,Indoor,No,No,8:00 AM – 8:00 PM,500-1500 
Power Table Tennis,Clifton Block 3,Table Tennis,Indoor,No,No,8:00 AM – 8:00 PM,300-800 
Power Padel,North Nazimabad F,Padel,Outdoor,No,No,24 Hours,4000-8000
Power Padel,PECHS Block 6,Padel,Outdoor,No,No,24 Hours,4000-8000 
Zenith Tennis,North Nazimabad M,Tennis,Outdoor,No,No,8:00 AM – 8:00 PM,1500-4000 
Iron Football,Johar Block 4,Football,Outdoor,No,No,24 Hours,4000-7000 
Active TT Spot,Steel Town,Table Tennis,Indoor,No,No,24 Hours,300-800 
Grand Badminton,North Karachi 11,Badminton,Indoor,No,No,4:00 PM – 1:00 AM,500-1500 
Active Tennis,North Nazimabad L,Tennis,Outdoor,No,No,8:00 AM – 8:00 PM,1500-4000 
Iron Table Tennis,Gulshan Block 13,Table Tennis,Indoor,No,No,8:00 AM – 8:00 PM,300-800
Pro Cricket Academy,Defence View,Cricket Academy,Outdoor,No,No,8:00 AM – 8:00 PM,2000-5000 
Zenith Table Tennis,Clifton Block 4,Table Tennis,Indoor,No,No,8:00 AM – 8:00 PM,300-800 
Peak Basketball,Clifton Block 3,Basketball,Outdoor,No,No,6:00 AM – 10:00 PM,1000-3000 
Grand Tennis,Orangi Town,Tennis,Outdoor,No,No,7:00 AM – 11:00 PM,1500-4000 
Global Gym,Malir Cantt,Gym,Indoor,No,Yes,4:00 PM – 1:00 AM,3000-15000 
Swift Padel Court,Bahadurabad,Padel,Outdoor,No,No,4:00 PM – 1:00 AM,4000-8000 
Power Football,Sindhi Muslim,Football,Outdoor,No,No,4:00 PM – 1:00 AM,4000-7000 
Mega Gym,Baldia Town,Gym,Indoor,No,Yes,8:00 AM – 8:00 PM,3000-15000 
Global Cricket,Garden West,Cricket Academy,Outdoor,No,No,4:00 PM – 1:00 AM,2000-5000 
Star Padel Court,Model Colony,Padel,Outdoor,No,No,24 Hours,4000-8000 
Ace Football Turf,North Nazimabad B,Football,Outdoor,No,No,8:00 AM – 8:00 PM,4000-7000 
Peak Table Tennis,Clifton Block 9,Table Tennis,Indoor,No,No,24 Hours,300-800
Peak Football Turf,North Nazimabad L,Football,Outdoor,No,No,24 Hours,4000-7000 
Swift Swim Hub,Baldia Town,Swimming Pool,Mixed,Yes,No,4:00 PM – 1:00 AM,500-2000 
City Badminton,Johar Block 1,Badminton,Indoor,No,No,8:00 AM – 8:00 PM,500-1500 
Grand Swim Hub,North Nazimabad H,Swimming Pool,Mixed,Yes,No,8:00 AM – 8:00 PM,500-2000 
Dynamic Football,PECHS Block 3,Football,Outdoor,No,No,24 Hours,4000-7000 
Pro Padel Court,North Nazimabad H,Padel,Outdoor,No,No,24 Hours,4000-8000 
Royal Futsal Arena,North Nazimabad B,Futsal,Outdoor,No,No,24 Hours,3500-6000 
Swift Table Tennis,Gulshan Block 1,Table Tennis,Indoor,No,No,8:00 AM – 8:00 PM,300-800 
Ace Swimming Hub,Garden West,Swimming Pool,Mixed,Yes,No,7:00 AM – 11:00 PM,500-2000 
Iron Futsal Arena,FB Area Block 15,Futsal,Outdoor,No,No,7:00 AM – 11:00 PM,3500-6000
Zenith Cricket,DHA Phase 5,Cricket Academy,Outdoor,No,No,7:00 AM – 11:00 PM,2000-5000 
Grand Cricket,DHA Phase 5,Cricket Academy,Outdoor,No,No,4:00 PM – 1:00 AM,2000-5000
Titan Badminton,Baldia Town,Badminton,Indoor,No,No,7:00 AM – 11:00 PM,500-1500 
Elite Padel Arena,Gulshan Block 7,Padel,Outdoor,No,No,24 Hours,4000-8000 
Solid Basketball,Garden East,Basketball,Outdoor,No,No,4:00 PM – 1:00 AM,1000-3000
Direct Tennis Hub,Steel Town,Tennis,Outdoor,No,No,6:00 AM – 10:00 PM,1500-4000
Peak Cricket Hub,Clifton Block 9,Cricket Academy,Outdoor,No,No,7:00 AM – 11:00 PM,2000-5000 
City Tennis Arena,Naval Colony,Tennis,Outdoor,No,No,24 Hours,1500-4000
Smart Cricket Hub,Malir Cantt,Cricket Academy,Outdoor,No,No,8:00 AM – 8:00 PM,2000-5000
Grand Swim Hub,Saddar,Swimming Pool,Mixed,Yes,No,6:00 AM – 10:00 PM,500-2000 
Ultimate Football,FB Area Block 6,Football,Outdoor,No,No,7:00 AM – 11:00 PM,4000-7000 
Swift TT Spot,PECHS Block 3,Table Tennis,Indoor,No,No,7:00 AM – 11:00 PM,300-800 
Elite Basketball,Tariq Road,Basketball,Outdoor,No,No,7:00 AM – 11:00 PM,1000-3000 
Active Football,Surjani Town,Football,Outdoor,No,No,4:00 PM – 1:00 AM,4000-7000 
Titan Tennis Arena,Clifton Block 2,Tennis,Outdoor,No,No,4:00 PM – 1:00 AM,1500-4000
Star Cricket Hub,North Nazimabad Block H,Cricket Academy,Outdoor,No,No,7:00 AM – 11:00 PM,2000 - 5000 
Quantum Basketball,DHA Phase 1,Basketball,Outdoor,No,No,8:00 AM – 8:00 PM,1000 - 3000 
Orbit Gym Point,Johar Block 15,Gym,Indoor,No,Yes,7:00 AM – 11:00 PM,3000 - 15000 
Lunar Tennis Pavilion,Gulshan Block 13,Tennis,Outdoor,No,No,24 Hours,1500 - 4000 
Omega Swim Point,DHA Phase 8,Swimming Pool,Mixed,Yes,No,24 Hours,500 - 2000 
Fusion Padel Dome,Malir Cantt,Padel,Outdoor,No,No,4:00 PM – 1:00 AM,4000 - 8000 
Direct Gym Complex,Steel Town,Gym,Indoor,No,Yes,6:00 AM – 10:00 PM,3000 - 15000 
Active Cricket Zone,Clifton Block 1,Cricket Academy,Outdoor,No,No,24 Hours,2000 - 5000 
Pro Basketball Point,Saddar,Basketball,Outdoor,No,No,8:00 AM – 8:00 PM,1000 - 3000
Smart Tennis Dome,Naval Colony,Tennis,Outdoor,No,No,7:00 AM – 11:00 PM,1500 - 4000 
Apex Football Hub,Gulistan-e-Johar 15,Football,Outdoor,No,No,7:00 AM – 11:00 PM,4000 - 7000 
Solid Basketball Spot,DHA Phase 5,Basketball,Outdoor,No,No,4:00 PM – 1:00 AM,1000 - 3000 
Vibe TT Pavilion,Defence View,Table Tennis,Indoor,No,No,24 Hours,300 - 800 
Master Padel Complex,Clifton Block 9,Padel,Outdoor,No,No,4:00 PM – 1:00 AM,4000 - 8000 
Fusion Gym Hub,Bahadurabad,Gym,Indoor,No,Yes,24 Hours,3000 - 15000
Pulse Football Zone,Model Colony,Football,Outdoor,No,No,6:00 AM – 10:00 PM,4000 - 7000
Solid Padel Station,Clifton Block 5,Padel,Outdoor,No,No,7:00 AM – 11:00 PM,4000 - 8000 
Active Football Arena,PECHS Block 2,Football,Outdoor,No,No,6:00 AM – 10:00 PM,4000 - 7000
Titan Cricket Point,KDA Scheme 1,Cricket Academy,Outdoor,No,No,7:00 AM – 11:00 PM,2000 - 5000 
Grand Basketball Dome,Federal B Area Block 15,Basketball,Outdoor,No,No,24 Hours,1000 - 3000 
Pro Swim Center,North Nazimabad L,Swimming Pool,Mixed,Yes,No,6:00 AM – 10:00 PM,500 - 2000 
Omega Padel Hub,PECHS Block 3,Padel,Outdoor,No,No,7:00 AM – 11:00 PM,4000 - 8000 
Rapid Tennis Pavilion,Garden East,Tennis,Outdoor,No,No,8:00 AM – 8:00 PM,1500 - 4000 
Smart Football Hub,Clifton Block 4,Football,Outdoor,No,No,4:00 PM – 1:00 AM,4000 - 7000 
Apex Gym Pavilion,Tariq Road,Gym,Indoor,No,Yes,24 Hours,3000 - 15000 
Master Football Dome,Gulistan-e-Johar 4,Football,Outdoor,No,No,7:00 AM – 11:00 PM,4000 - 7000 
Ultimate Padel Court,DHA Phase 7,Padel,Outdoor,No,No,4:00 PM – 1:00 AM,4000-8000 
Star Table Tennis,Garden West,Table Tennis,Indoor,No,No,8:00 AM – 8:00 PM,300-800 
Active Basketball,DHA Phase 8,Basketball,Outdoor,No,No,6:00 AM – 10:00 PM,1000-3000
Elite Badminton,Garden West,Badminton,Indoor,No,No,8:00 AM – 8:00 PM,500-1500 
Global Tennis,PNS Karsaz,Tennis,Outdoor,No,No,4:00 PM – 1:00 AM,1500-4000
Xtreme Gym,North Nazimabad H,Gym,Indoor,No,Yes,4:00 PM – 1:00 AM,3000-15000
Star Futsal Arena,Defence View,Futsal,Outdoor,No,No,7:00 AM – 11:00 PM,3500-6000 
Ultimate Tennis,Johar Block 15,Tennis,Outdoor,No,No,4:00 PM – 1:00 AM,1500-4000
Ace Padel Court,Clifton Block 2,Padel,Outdoor,No,No,24 Hours,4000-8000 
Mega Swimming Hub,Johar Block 4,Swimming Pool,Mixed,Yes,No,6:00 AM – 10:00 PM,500-2000 
Ace Padel Court,KDA Scheme 1,Padel,Outdoor,No,No,4:00 PM – 1:00 AM,4000-8000
Elite Swimming Hub,Johar Block 1,Swimming Pool,Mixed,Yes,No,24 Hours,500-2000 
Titan Swimming Hub,Gulshan Block 10,Swimming Pool,Mixed,Yes,No,8:00 AM – 8:00 PM,500-2000 
Royal Tennis,Clifton Block 9,Tennis,Outdoor,No,No,6:00 AM – 10:00 PM,1500-4000 
Active Padel Court,North Nazimabad L,Padel,Outdoor,No,No,4:00 PM – 1:00 AM,4000-8000
Dynamic Badminton,FB Area Block 15,Badminton,Indoor,No,No,24 Hours,500-1500 
Xtreme Table Tennis,North Nazimabad M,Table Tennis,Indoor,No,No,8:00 AM – 8:00 PM,300-800 
Global Padel Court,North Nazimabad L,Padel,Outdoor,No,No,8:00 AM – 8:00 PM,4000-8000 
Global Cricket Hub,Johar Block 1,Cricket Academy,Outdoor,No,No,7:00 AM – 11:00 PM,2000-5000
Smart Basketball,North Nazimabad F,Basketball,Outdoor,No,No,4:00 PM – 1:00 AM,1000-3000 
Peak Tennis,PNS Karsaz,Tennis,Outdoor,No,No,24 Hours,1500-4000
Dynamic Basketball,Gulshan Block 15,Basketball,Outdoor,No,No,24 Hours,1000-3000 
Swift Futsal Arena,Saddar,Futsal,Outdoor,No,No,8:00 AM – 8:00 PM,3500-6000 
Star Football Turf,Clifton Block 5,Football,Outdoor,No,No,6:00 AM – 10:00 PM,4000-7000
Swift Table Tennis,Baldia Town,Table Tennis,Indoor,No,No,4:00 PM – 1:00 AM,300-800 
Elite Swimming Hub,Orangi Town,Swimming Pool,Mixed,Yes,No,4:00 PM – 1:00 AM,500-2000 
Smart Table Tennis,Clifton Block 2,Table Tennis,Indoor,No,No,7:00 AM – 11:00 PM,300-800 
Mega Swimming Hub,Surjani Town,Swimming Pool,Mixed,Yes,No,4:00 PM – 1:00 AM,500-2000 
Royal Basketball,DHA Phase 6,Basketball,Outdoor,No,No,8:00 AM – 8:00 PM,1000-3000 
Dynamic TT Spot,Liaquatabad,Table Tennis,Indoor,No,No,8:00 AM – 8:00 PM,300-800 
Xtreme Football,Orangi Town,Football,Outdoor,No,No,8:00 AM – 8:00 PM,4000-7000 
City Gym,PNS Karsaz,Gym,Indoor,No,Yes,8:00 AM – 8:00 PM,3000-15000 
Elite Tennis,Korangi Industrial,Tennis,Outdoor,No,No,6:00 AM – 10:00 PM,1500-4000 
City Cricket Hub,Surjani Town,Cricket Academy,Outdoor,No,No,7:00 AM – 11:00 PM,2000-5000 
Iron Tennis,DHA Phase 4,Tennis,Outdoor,No,No,4:00 PM – 1:00 AM,1500-4000 
Xtreme Badminton,PNS Karsaz,Badminton,Indoor,No,No,6:00 AM – 10:00 PM,500-1500 
Ace Gym,DHA Phase 8,Gym,Indoor,No,Yes,7:00 AM – 11:00 PM,3000-15000
Iron Football Turf,Liaquatabad,Football,Outdoor,No,No,7:00 AM – 11:00 PM,4000-7000 
Dynamic TT Spot,PECHS Block 2,Table Tennis,Indoor,No,No,4:00 PM – 1:00 AM,300-800 
Zenith Tennis,Orangi Town,Tennis,Outdoor,No,No,7:00 AM – 11:00 PM,1500-4000 
Titan Badminton,DHA Phase 2,Badminton,Indoor,No,No,6:00 AM – 10:00 PM,500-1500 
Elite Swimming Hub,Bahadurabad,Swimming Pool,Mixed,Yes,No,6:00 AM – 10:00 PM,500-2000 
Swift Badminton,Model Colony,Badminton,Indoor,No,No,8:00 AM – 8:00 PM,500-1500 
Titan Table Tennis,North Nazimabad B,Table Tennis,Indoor,No,No,6:00 AM – 10:00 PM,300-800 
Royal Table Tennis,Defence View,Table Tennis,Indoor,No,No,24 Hours,300-800 
Pro Futsal Arena,North Nazimabad L,Futsal,Outdoor,No,No,6:00 AM – 10:00 PM,3500-6000 
Grand Gym,North Nazimabad M,Gym,Indoor,No,Yes,7:00 AM – 11:00 PM,3000-15000 
Ultimate Cricket,Johar Block 15,Cricket Academy,Outdoor,No,No,8:00 AM – 8:00 PM,2000-5000 
Star Padel Court,North Nazimabad M,Padel,Outdoor,No,No,4:00 PM – 1:00 AM,4000-8000
Dynamic TT Spot,Gulshan Block 7,Table Tennis,Indoor,No,No,7:00 AM – 11:00 PM,300-800 
Xtreme Padel Court,Korangi Industrial,Padel,Outdoor,No,No,4:00 PM – 1:00 AM,4000-8000 
Power Gym,Mehmoodabad,Gym,Indoor,No,Yes,7:00 AM – 11:00 PM,3000-15000 
Xtreme TT Spot,Liaquatabad,Table Tennis,Indoor,No,No,4:00 PM – 1:00 AM,300-800 
Swift Gym,Baldia Town,Gym,Indoor,No,Yes,7:00 AM – 11:00 PM,3000-15000 
Elite Swimming Hub,Tariq Road,Swimming Pool,Mixed,Yes,No,8:00 AM – 8:00 PM,500-2000 
Star Futsal Arena,Naval Colony,Futsal,Outdoor,No,No,7:00 AM – 11:00 PM,3500-6000 
Swift Badminton,North Nazimabad F,Badminton,Indoor,No,No,4:00 PM – 1:00 AM,500-1500 
Titan Futsal Arena,Gulshan Block 13,Futsal,Outdoor,No,No,8:00 AM – 8:00 PM,3500-6000 
Dynamic Badminton,FB Area Block 6,Badminton,Indoor,No,No,8:00 AM – 8:00 PM,500-1500 
Grand Basketball,Liaquatabad,Basketball,Outdoor,No,No,24 Hours,1000-3000 
Power Badminton,Model Colony,Badminton,Indoor,No,No,7:00 AM – 11:00 PM,500-1500 
Iron Swimming Hub,FB Area Block 15,Swimming Pool,Mixed,Yes,No,6:00 AM – 10:00 PM,500-2000 
Grand Padel Court,North Nazimabad F,Padel,Outdoor,No,No,7:00 AM – 11:00 PM,4000-8000 
Ultimate Swim Hub,Clifton Block 1,Swimming Pool,Mixed,Yes,No,24 Hours,500-2000 
Dynamic Padel Court,Johar Block 12,Padel,Outdoor,No,No,4:00 PM – 1:00 AM,4000-8000
Iron Tennis,Clifton Block 2,Tennis,Outdoor,No,No,4:00 PM – 1:00 AM,1500-4000
Titan Basketball,Clifton Block 5,Basketball,Outdoor,No,No,8:00 AM – 8:00 PM,1000-3000 
Ultimate Padel Court,Garden West,Padel,Outdoor,No,No,4:00 PM – 1:00 AM,4000-8000 
Ultimate Swim Hub,Clifton Block 2,Swimming Pool,Mixed,Yes,No,24 Hours,500-2000 
Pro Table Tennis,FB Area Block 15,Table Tennis,Indoor,No,No,24 Hours,300-800 
Mega Gym,Johar Block 4,Gym,Indoor,No,Yes,7:00 AM – 11:00 PM,3000-15000
Zenith Basketball,Garden West,Basketball,Outdoor,No,No,4:00 PM – 1:00 AM,1000-3000
Titan Basketball,North Karachi 11,Basketball,Outdoor,No,No,4:00 PM – 1:00 AM,1000-3000 
Ultimate TT Spot,Johar Block 4,Table Tennis,Indoor,No,No,6:00 AM – 10:00 PM,300-800
Peak Tennis,DHA Phase 2,Tennis,Outdoor,No,No,24 Hours,1500-4000 
Peak Gym,Gulshan Block 15,Gym,Indoor,No,Yes,8:00 AM – 8:00 PM,3000-15000
Royal Swimming Hub,Clifton Block 4,Swimming Pool,Mixed,Yes,No,8:00 AM – 8:00 PM,500-2000 
Star Swimming Hub,Sindhi Muslim,Swimming Pool,Mixed,Yes,No,24 Hours,500-2000 
Pro Football Turf,Steel Town,Football,Outdoor,No,No,4:00 PM – 1:00 AM,4000-7000 
Xtreme Football,Gulshan Block 1,Football,Outdoor,No,No,6:00 AM – 10:00 PM,4000-7000 
Pro Cricket Hub,North Nazimabad L,Cricket Academy,Outdoor,No,No,4:00 PM – 1:00 AM,2000-5000
Elite Swimming Hub,North Nazimabad B,Swimming Pool,Mixed,Yes,No,4:00 PM – 1:00 AM,500-2000 
Peak Futsal Arena,Sindhi Muslim,Futsal,Outdoor,No,No,7:00 AM – 11:00 PM,3500-6000
City Tennis,Orangi Town,Tennis,Outdoor,No,No,8:00 AM – 8:00 PM,1500-4000 
Power Basketball,Clifton Block 4,Basketball,Outdoor,No,No,7:00 AM – 11:00 PM,1000-3000 
Swift Cricket Hub,Steel Town,Cricket Academy,Outdoor,No,No,6:00 AM – 10:00 PM,2000-5000
Star Tennis,North Nazimabad B,Tennis,Outdoor,No,No,24 Hours,1500-4000 
Ultimate Tennis,Garden East,Tennis,Outdoor,No,No,24 Hours,1500-4000
Iron Swimming Hub,North Nazimabad H,Swimming Pool,Mixed,Yes,No,24 Hours,500-2000 
Grand Football Turf,North Karachi 11,Football,Outdoor,No,No,7:00 AM – 11:00 PM,4000-7000 
Ace Basketball,DHA Phase 5,Basketball,Outdoor,No,No,7:00 AM – 11:00 PM,1000-3000 
Mega Padel Court,Gulshan Block 10,Padel,Outdoor,No,No,24 Hours,4000-8000 
Dynamic Cricket Hub,Tariq Road,Cricket Academy,Outdoor,No,No,4:00 PM – 1:00 AM,2000-5000
Ace Padel Court,Saddar,Padel,Outdoor,No,No,4:00 PM – 1:00 AM,4000-8000 
Elite Basketball,Malir Cantt,Basketball,Outdoor,No,No,6:00 AM – 10:00 PM,1000-3000
Ace Basketball,Johar Block 12,Basketball,Outdoor,No,No,24 Hours,1000-3000 
Global TT Spot,Johar Block 4,Table Tennis,Indoor,No,No,8:00 AM – 8:00 PM,300-800 
Elite Gym,Sindhi Muslim,Gym,Indoor,No,Yes,4:00 PM – 1:00 AM,3000-15000 
Star Badminton,DHA Phase 6,Badminton,Indoor,No,No,4:00 PM – 1:00 AM,500-1500 
Swift Cricket Hub,KDA Scheme 1,Cricket Academy,Outdoor,No,No,4:00 PM – 1:00 AM,2000-5000 
Smart Swimming Hub,North Nazimabad F,Swimming Pool,Mixed,Yes,No,24 Hours,500-2000 
Mega Football Turf,Saddar,Football,Outdoor,No,No,8:00 AM – 8:00 PM,4000-7000
Global TT Spot,PNS Karsaz,Table Tennis,Indoor,No,No,6:00 AM – 10:00 PM,300-800 
Royal Gym,DHA Phase 8,Gym,Indoor,No,Yes,6:00 AM – 10:00 PM,3000-15000 
Royal Futsal Arena,Clifton Block 4,Futsal,Outdoor,No,No,4:00 PM – 1:00 AM,3500-6000 
Swift Gym,KDA Scheme 1,Gym,Indoor,No,Yes,7:00 AM – 11:00 PM,3000-15000
Ace Swimming Hub,Clifton Block 4,Swimming Pool,Mixed,Yes,No,6:00 AM – 10:00 PM,500-2000 
Elite Badminton,Gulshan Block 13,Badminton,Indoor,No,No,24 Hours,500-1500 
Dynamic Padel Court,DHA Phase 5,Padel,Outdoor,No,No,24 Hours,4000-8000 
Elite Cricket Hub,KDA Scheme 1,Cricket Academy,Outdoor,No,No,6:00 AM – 10:00 PM,2000-5000
Titan Gym,Gulshan Block 1,Gym,Indoor,No,Yes,6:00 AM – 10:00 PM,3000-15000 
Peak Padel Court,Liaquatabad,Padel,Outdoor,No,No,8:00 AM – 8:00 PM,4000-8000 
Active TT Spot,DHA Phase 1,Table Tennis,Indoor,No,No,24 Hours,300-800 
Mega Futsal Arena,KDA Scheme 1,Futsal,Outdoor,No,No,4:00 PM – 1:00 AM,3500-6000 
Dynamic Futsal,Gulshan Block 7,Futsal,Outdoor,No,No,6:00 AM – 10:00 PM,3500-6000 
Global Futsal Arena,DHA Phase 8,Futsal,Outdoor,No,No,24 Hours,3500-6000 
Dynamic Swim Hub,Clifton Block 2,Swimming Pool,Mixed,Yes,No,7:00 AM – 11:00 PM,500-2000 
Zenith Padel Court,DHA Phase 6,Padel,Outdoor,No,No,8:00 AM – 8:00 PM,4000-8000 
Ultimate Gym,FB Area Block 15,Gym,Indoor,No,Yes,4:00 PM – 1:00 AM,3000-15000 
Titan Cricket Hub,DHA Phase 4,Cricket Academy,Outdoor,No,No,4:00 PM – 1:00 AM,2000-5000 
Active Futsal Arena,North Karachi 11,Futsal,Outdoor,No,No,24 Hours,3500-6000 
Core TT Spot,Gulistan-e-Johar 1,Table Tennis,Indoor,No,No,6:00 AM – 10:00 PM,300-800 
Pro Football Turf,Clifton Block 4,Football,Outdoor,No,No,7:00 AM – 11:00 PM,4000-7000 
Ace TT Spot,North Nazimabad B,Table Tennis,Indoor,No,No,4:00 PM – 1:00 AM,300-800
Rapid Futsal Arena,Johar Block 15,Futsal,Outdoor,No,No,24 Hours,3500-6000 
Prime Tennis,Naval Colony,Tennis,Outdoor,No,No,8:00 AM – 8:00 PM,1500-4000 
Star Futsal Arena,Baldia Town,Futsal,Outdoor,No,No,4:00 PM – 1:00 AM,3500-6000
Direct Gym,North Nazimabad L,Gym,Indoor,No,Yes,24 Hours,3000-15000
Global Badminton,Garden East,Badminton,Indoor,No,No,7:00 AM – 11:00 PM,500-1500 
Peak Basketball,North Nazimabad M,Basketball,Outdoor,No,No,7:00 AM – 11:00 PM,3000-6000 
Sonic Gym,Garden West,Gym,Indoor,No,Yes,8:00 AM – 11:00 PM,3000-15000 
Active Football,Garden East,Football,Outdoor,No,No,6:00 AM – 10:00 PM,4000-7000 
Direct TT Spot,Saddar,Table Tennis,Indoor,No,No,7:00 AM – 11:00 PM,300-800 
Delta TT Spot,Johar Block 1,Table Tennis,Indoor,No,No,6:00 AM – 10:00 PM,300-800 
Sigma Basketball,PECHS Block 6,Basketball,Outdoor,No,No,24 Hours,1000-3000 
Orbit Gym Hub,Garden West,Gym,Indoor,No,Yes,6:00 AM – 10:00 PM,3000-15000 
Direct Gym Spot,Tariq Road,Gym,Indoor,No,Yes,6:00 AM – 10:00 PM,3000-15000 
Peak TT Spot,PECHS Block 2,Table Tennis,Indoor,No,No,4:00 PM – 1:00 AM,300-800 
Rapid Basketball,North Nazimabad B,Basketball,Outdoor,No,No,6:00 AM – 10:00 PM,1000-3000
Titan Futsal,Korangi Industrial,Futsal,Outdoor,No,No,7:00 AM – 11:00 PM,4000-8000 
Delta Gym Hub,Clifton Block 5,Gym,Indoor,No,Yes,6:00 AM – 10:00 PM,3000-15000
Direct Gym Hub,Clifton Block 2,Gym,Indoor,No,Yes,24 Hours,3000-15000 
Delta Padel Hub,DHA Phase 6,Padel,Outdoor,No,No,7:00 AM – 11:00 PM,4000-8000 
Mighty Gym,DHA Phase 6,Gym,Indoor,No,Yes,6:00 AM – 10:00 PM,3000-15000 
Master Tennis,Malir Cantt,Tennis,Outdoor,No,No,7:00 AM – 11:00 PM,1500-4000
Sonic Gym,DHA Phase 2,Gym,Indoor,No,Yes,4:00 PM – 1:00 AM,3000-15000 
Vector Gym,Clifton Block 3,Gym,Indoor,No,Yes,24 Hours,3000-15000 
Sigma Badminton,North Karachi 11,Badminton,Indoor,No,No,7:00 AM – 11:00 PM,500-1500 
Ultra Gym Hub,Defence View,Gym,Indoor,No,Yes,7:00 AM – 11:00 PM,3000-15000 
Orbit Tennis Hub,Garden West,Tennis,Outdoor,No,No,4:00 PM – 1:00 AM,1500-4000 
Solar Basketball,DHA Phase 1,Basketball,Outdoor,No,No,6:00 AM – 10:00 PM,1000-3000 
